=== Resuming terraform destroy at 2026-08-14T09:23:34Z (recovery after DNS interruption) ===
[33m╷[0m[0m
[33m│[0m [0m[1m[33mWarning: [0m[0m[1mDeprecated Parameter[0m
[33m│[0m [0m
[33m│[0m [0m[0mThe parameter "dynamodb_table" is deprecated. Use parameter "use_lockfile"
[33m│[0m [0minstead.
[33m╵[0m[0m
Acquiring state lock. This may take a few moments...
[0m[1mdata.tls_certificate.github_actions: Reading...[0m[0m
[0m[1mrandom_password.db: Refreshing state... [id=none][0m
[0m[1mdata.tls_certificate.github_actions: Read complete after 4s [id=f14a3ee4f847b00a69e565d9b60917218c94d428][0m
[0m[1maws_ssm_parameter.db_name: Refreshing state... [id=/tkt-dev/db/name][0m
[0m[1mdata.aws_iam_policy_document.ecs_assume: Reading...[0m[0m
[0m[1maws_s3_bucket.attachments: Refreshing state... [id=tkt-dev-attachments][0m
[0m[1maws_secretsmanager_secret.db_password: Refreshing state... [id=arn:aws:secretsmanager:us-east-1:135274608372:secret:tkt-dev/db-password-irJfdB][0m
[0m[1maws_cloudwatch_log_group.app: Refreshing state... [id=/ecs/tkt-dev-ticketdesk][0m
[0m[1maws_ecs_cluster.main: Refreshing state... [id=arn:aws:ecs:us-east-1:135274608372:cluster/tkt-dev-cluster][0m
[0m[1maws_s3_bucket.frontend: Refreshing state... [id=tkt-dev-frontend][0m
[0m[1mdata.aws_iam_policy_document.lambda_assume: Reading...[0m[0m
[0m[1mdata.aws_iam_policy_document.ecs_assume: Read complete after 0s [id=1077804475][0m
[0m[1mdata.aws_iam_policy_document.lambda_assume: Read complete after 0s [id=2690255455][0m
[0m[1mdata.aws_ec2_managed_prefix_list.s3: Reading...[0m[0m
[0m[1maws_vpc.main: Refreshing state... [id=vpc-01b99f46108d6395a][0m
[0m[1mdata.aws_availability_zones.available: Reading...[0m[0m
[0m[1maws_ssm_parameter.db_user: Refreshing state... [id=/tkt-dev/db/username][0m
[0m[1mdata.aws_availability_zones.available: Read complete after 5s [id=us-east-1][0m
[0m[1maws_secretsmanager_secret.jwt_secret: Refreshing state... [id=arn:aws:secretsmanager:us-east-1:135274608372:secret:tkt-dev/jwt-secret-wirpDx][0m
[0m[1maws_iam_role.task: Refreshing state... [id=tkt-dev-ecs-task-role][0m
[0m[1maws_iam_role.execution: Refreshing state... [id=tkt-dev-ecs-execution-role][0m
[0m[1mdata.aws_ec2_managed_prefix_list.s3: Read complete after 6s [id=pl-63a5400a][0m
[0m[1maws_iam_role_policy_attachment.execution_managed: Refreshing state... [id=tkt-dev-ecs-execution-role-20260807071143448500000003][0m
[0m[1maws_subnet.private[1]: Refreshing state... [id=subnet-0ab46fd75446f63ce][0m
[0m[1maws_subnet.public[0]: Refreshing state... [id=subnet-07e5914b5c891d3f0][0m
[0m[1maws_security_group.rds: Refreshing state... [id=sg-0a67adc1cfb6c8b6d][0m
[0m[1maws_subnet.private[0]: Refreshing state... [id=subnet-06bb231120436c506][0m
[0m[1maws_lb_target_group.app: Refreshing state... [id=arn:aws:elasticloadbalancing:us-east-1:135274608372:targetgroup/tkt-dev-tg/018636caad7c1944][0m
[0m[1maws_security_group.alb: Refreshing state... [id=sg-0758b082596ff96cd][0m
[0m[1maws_security_group.ecs_task: Refreshing state... [id=sg-0339c207833110197][0m
[0m[1maws_subnet.public[1]: Refreshing state... [id=subnet-0c36c916321da561c][0m
[0m[1maws_security_group.vpc_endpoints: Refreshing state... [id=sg-02521a4f73582959e][0m
[0m[1maws_internet_gateway.main: Refreshing state... [id=igw-08e1f747f64b08fc9][0m
[0m[1maws_route_table.private: Refreshing state... [id=rtb-07b189360d858159a][0m
[0m[1maws_db_subnet_group.main: Refreshing state... [id=tkt-dev-db-subnets][0m
[0m[1maws_vpc_endpoint.interface["secretsmanager"]: Refreshing state... [id=vpce-050f136ad96d7adac][0m
[0m[1maws_vpc_endpoint.interface["ssm"]: Refreshing state... [id=vpce-06224230cf668288c][0m
[0m[1maws_vpc_endpoint.interface["ecr_dkr"]: Refreshing state... [id=vpce-003f9484bdb2fec5c][0m
[0m[1maws_vpc_endpoint.interface["logs"]: Refreshing state... [id=vpce-0aab83280717a8f55][0m
[0m[1maws_vpc_endpoint.interface["ecr_api"]: Refreshing state... [id=vpce-005d4255eb00fe356][0m
[0m[1maws_lb.main: Refreshing state... [id=arn:aws:elasticloadbalancing:us-east-1:135274608372:loadbalancer/app/tkt-dev-alb/889207aa07c27979][0m
[0m[1maws_vpc_endpoint.s3: Refreshing state... [id=vpce-0dd1a91497d5c5259][0m
[0m[1maws_s3_bucket_website_configuration.frontend: Refreshing state... [id=tkt-dev-frontend][0m
[0m[1mdata.aws_iam_policy_document.frontend_bucket: Reading...[0m[0m
[0m[1mdata.aws_iam_policy_document.frontend_bucket: Read complete after 0s [id=2726293701][0m
[0m[1maws_ssm_parameter.attachments_bucket: Refreshing state... [id=/tkt-dev/app/attachments-bucket][0m
[0m[1mdata.aws_iam_policy_document.task_attachments: Reading...[0m[0m
[0m[1mdata.aws_iam_policy_document.task_attachments: Read complete after 0s [id=1639559180][0m
[0m[1maws_ssm_parameter.cors_origins: Refreshing state... [id=/tkt-dev/app/cors-origins][0m
[0m[1maws_db_instance.main: Refreshing state... [id=db-CAFCHO64LJK5K5YTHJZPQXHCMU][0m
[0m[1maws_iam_role_policy.task_attachments: Refreshing state... [id=tkt-dev-ecs-task-role:tkt-dev-ecs-task-attachments][0m
[0m[1maws_ssm_parameter.db_host: Refreshing state... [id=/tkt-dev/db/host][0m
[0m[1maws_ssm_parameter.db_port: Refreshing state... [id=/tkt-dev/db/port][0m
[0m[1maws_lb_listener.http: Refreshing state... [id=arn:aws:elasticloadbalancing:us-east-1:135274608372:listener/app/tkt-dev-alb/889207aa07c27979/f27073f67eeed369][0m
[0m[1mdata.aws_iam_policy_document.execution_secrets: Reading...[0m[0m
[0m[1maws_ecs_task_definition.app: Refreshing state... [id=tkt-dev-ticketdesk][0m
[0m[1mdata.aws_iam_policy_document.execution_secrets: Read complete after 0s [id=504357447][0m
[0m[1maws_iam_role_policy.execution_secrets: Refreshing state... [id=tkt-dev-ecs-execution-role:tkt-dev-ecs-execution-secrets][0m
[0m[1maws_ecs_service.app: Refreshing state... [id=arn:aws:ecs:us-east-1:135274608372:service/tkt-dev-cluster/tkt-dev-ticketdesk-svc][0m

Terraform used the selected providers to generate the following execution
plan. Resource actions are indicated with the following symbols:
  [31m-[0m destroy[0m

Terraform will perform the following actions:

[1m  # aws_cloudwatch_log_group.app[0m will be [1m[31mdestroyed[0m
[0m  [31m-[0m[0m resource "aws_cloudwatch_log_group" "app" {
      [31m-[0m[0m arn               = "arn:aws:logs:us-east-1:135274608372:log-group:/ecs/tkt-dev-ticketdesk" [90m-> null[0m[0m
      [31m-[0m[0m id                = "/ecs/tkt-dev-ticketdesk" [90m-> null[0m[0m
      [31m-[0m[0m log_group_class   = "STANDARD" [90m-> null[0m[0m
      [31m-[0m[0m name              = "/ecs/tkt-dev-ticketdesk" [90m-> null[0m[0m
      [31m-[0m[0m retention_in_days = 14 [90m-> null[0m[0m
      [31m-[0m[0m skip_destroy      = false [90m-> null[0m[0m
      [31m-[0m[0m tags              = {
          [31m-[0m[0m "Name" = "tkt-dev-ticketdesk-logs"
        } [90m-> null[0m[0m
      [31m-[0m[0m tags_all          = {
          [31m-[0m[0m "CostCenter"  = "ticketdesk-poc"
          [31m-[0m[0m "Environment" = "dev"
          [31m-[0m[0m "Name"        = "tkt-dev-ticketdesk-logs"
          [31m-[0m[0m "Owner"       = "bhumeera"
          [31m-[0m[0m "Project"     = "TicketDesk"
        } [90m-> null[0m[0m
        [90m# (2 unchanged attributes hidden)[0m[0m
    }

[1m  # aws_db_instance.main[0m will be [1m[31mdestroyed[0m
[0m  [31m-[0m[0m resource "aws_db_instance" "main" {
      [31m-[0m[0m address                               = "tkt-dev-db.c83qui6qoiwm.us-east-1.rds.amazonaws.com" [90m-> null[0m[0m
      [31m-[0m[0m allocated_storage                     = 20 [90m-> null[0m[0m
      [31m-[0m[0m apply_immediately                     = false [90m-> null[0m[0m
      [31m-[0m[0m arn                                   = "arn:aws:rds:us-east-1:135274608372:db:tkt-dev-db" [90m-> null[0m[0m
      [31m-[0m[0m auto_minor_version_upgrade            = true [90m-> null[0m[0m
      [31m-[0m[0m availability_zone                     = "us-east-1b" [90m-> null[0m[0m
      [31m-[0m[0m backup_retention_period               = 1 [90m-> null[0m[0m
      [31m-[0m[0m backup_target                         = "region" [90m-> null[0m[0m
      [31m-[0m[0m backup_window                         = "09:26-09:56" [90m-> null[0m[0m
      [31m-[0m[0m ca_cert_identifier                    = "rds-ca-rsa2048-g1" [90m-> null[0m[0m
      [31m-[0m[0m copy_tags_to_snapshot                 = false [90m-> null[0m[0m
      [31m-[0m[0m customer_owned_ip_enabled             = false [90m-> null[0m[0m
      [31m-[0m[0m database_insights_mode                = "standard" [90m-> null[0m[0m
      [31m-[0m[0m db_name                               = "ticketdesk" [90m-> null[0m[0m
      [31m-[0m[0m db_subnet_group_name                  = "tkt-dev-db-subnets" [90m-> null[0m[0m
      [31m-[0m[0m dedicated_log_volume                  = false [90m-> null[0m[0m
      [31m-[0m[0m delete_automated_backups              = true [90m-> null[0m[0m
      [31m-[0m[0m deletion_protection                   = false [90m-> null[0m[0m
      [31m-[0m[0m domain_dns_ips                        = [] [90m-> null[0m[0m
      [31m-[0m[0m enabled_cloudwatch_logs_exports       = [] [90m-> null[0m[0m
      [31m-[0m[0m endpoint                              = "tkt-dev-db.c83qui6qoiwm.us-east-1.rds.amazonaws.com:5432" [90m-> null[0m[0m
      [31m-[0m[0m engine                                = "postgres" [90m-> null[0m[0m
      [31m-[0m[0m engine_lifecycle_support              = "open-source-rds-extended-support" [90m-> null[0m[0m
      [31m-[0m[0m engine_version                        = "18.3" [90m-> null[0m[0m
      [31m-[0m[0m engine_version_actual                 = "18.3" [90m-> null[0m[0m
      [31m-[0m[0m hosted_zone_id                        = "Z2R2ITUGPM61AM" [90m-> null[0m[0m
      [31m-[0m[0m iam_database_authentication_enabled   = false [90m-> null[0m[0m
      [31m-[0m[0m id                                    = "db-CAFCHO64LJK5K5YTHJZPQXHCMU" [90m-> null[0m[0m
      [31m-[0m[0m identifier                            = "tkt-dev-db" [90m-> null[0m[0m
      [31m-[0m[0m instance_class                        = "db.t3.micro" [90m-> null[0m[0m
      [31m-[0m[0m iops                                  = 0 [90m-> null[0m[0m
      [31m-[0m[0m kms_key_id                            = "arn:aws:kms:us-east-1:135274608372:key/868362fd-ddee-4331-ba2b-9c8006b34e2e" [90m-> null[0m[0m
      [31m-[0m[0m latest_restorable_time                = "2026-08-14T09:20:51Z" [90m-> null[0m[0m
      [31m-[0m[0m license_model                         = "postgresql-license" [90m-> null[0m[0m
      [31m-[0m[0m listener_endpoint                     = [] [90m-> null[0m[0m
      [31m-[0m[0m maintenance_window                    = "wed:04:36-wed:05:06" [90m-> null[0m[0m
      [31m-[0m[0m master_user_secret                    = [] [90m-> null[0m[0m
      [31m-[0m[0m max_allocated_storage                 = 0 [90m-> null[0m[0m
      [31m-[0m[0m monitoring_interval                   = 0 [90m-> null[0m[0m
      [31m-[0m[0m multi_az                              = false [90m-> null[0m[0m
      [31m-[0m[0m network_type                          = "IPV4" [90m-> null[0m[0m
      [31m-[0m[0m option_group_name                     = "default:postgres-18" [90m-> null[0m[0m
      [31m-[0m[0m parameter_group_name                  = "default.postgres18" [90m-> null[0m[0m
      [31m-[0m[0m password                              = (sensitive value) [90m-> null[0m[0m
      [31m-[0m[0m password_wo                           = (write-only attribute) [90m-> null[0m[0m
      [31m-[0m[0m performance_insights_enabled          = false [90m-> null[0m[0m
      [31m-[0m[0m performance_insights_retention_period = 0 [90m-> null[0m[0m
      [31m-[0m[0m port                                  = 5432 [90m-> null[0m[0m
      [31m-[0m[0m publicly_accessible                   = false [90m-> null[0m[0m
      [31m-[0m[0m replicas                              = [] [90m-> null[0m[0m
      [31m-[0m[0m resource_id                           = "db-CAFCHO64LJK5K5YTHJZPQXHCMU" [90m-> null[0m[0m
      [31m-[0m[0m skip_final_snapshot                   = true [90m-> null[0m[0m
      [31m-[0m[0m status                                = "available" [90m-> null[0m[0m
      [31m-[0m[0m storage_encrypted                     = true [90m-> null[0m[0m
      [31m-[0m[0m storage_throughput                    = 0 [90m-> null[0m[0m
      [31m-[0m[0m storage_type                          = "gp2" [90m-> null[0m[0m
      [31m-[0m[0m tags                                  = {
          [31m-[0m[0m "Name" = "tkt-dev-db"
        } [90m-> null[0m[0m
      [31m-[0m[0m tags_all                              = {
          [31m-[0m[0m "CostCenter"  = "ticketdesk-poc"
          [31m-[0m[0m "Environment" = "dev"
          [31m-[0m[0m "Name"        = "tkt-dev-db"
          [31m-[0m[0m "Owner"       = "bhumeera"
          [31m-[0m[0m "Project"     = "TicketDesk"
        } [90m-> null[0m[0m
      [31m-[0m[0m username                              = "ticketdesk_app" [90m-> null[0m[0m
      [31m-[0m[0m vpc_security_group_ids                = [
          [31m-[0m[0m "sg-0a67adc1cfb6c8b6d",
        ] [90m-> null[0m[0m
        [90m# (14 unchanged attributes hidden)[0m[0m
    }

[1m  # aws_db_subnet_group.main[0m will be [1m[31mdestroyed[0m
[0m  [31m-[0m[0m resource "aws_db_subnet_group" "main" {
      [31m-[0m[0m arn                     = "arn:aws:rds:us-east-1:135274608372:subgrp:tkt-dev-db-subnets" [90m-> null[0m[0m
      [31m-[0m[0m description             = "Managed by Terraform" [90m-> null[0m[0m
      [31m-[0m[0m id                      = "tkt-dev-db-subnets" [90m-> null[0m[0m
      [31m-[0m[0m name                    = "tkt-dev-db-subnets" [90m-> null[0m[0m
      [31m-[0m[0m subnet_ids              = [
          [31m-[0m[0m "subnet-06bb231120436c506",
          [31m-[0m[0m "subnet-0ab46fd75446f63ce",
        ] [90m-> null[0m[0m
      [31m-[0m[0m supported_network_types = [
          [31m-[0m[0m "IPV4",
        ] [90m-> null[0m[0m
      [31m-[0m[0m tags                    = {
          [31m-[0m[0m "Name" = "tkt-dev-db-subnets"
        } [90m-> null[0m[0m
      [31m-[0m[0m tags_all                = {
          [31m-[0m[0m "CostCenter"  = "ticketdesk-poc"
          [31m-[0m[0m "Environment" = "dev"
          [31m-[0m[0m "Name"        = "tkt-dev-db-subnets"
          [31m-[0m[0m "Owner"       = "bhumeera"
          [31m-[0m[0m "Project"     = "TicketDesk"
        } [90m-> null[0m[0m
      [31m-[0m[0m vpc_id                  = "vpc-01b99f46108d6395a" [90m-> null[0m[0m
        [90m# (1 unchanged attribute hidden)[0m[0m
    }

[1m  # aws_ecs_cluster.main[0m will be [1m[31mdestroyed[0m
[0m  [31m-[0m[0m resource "aws_ecs_cluster" "main" {
      [31m-[0m[0m arn      = "arn:aws:ecs:us-east-1:135274608372:cluster/tkt-dev-cluster" [90m-> null[0m[0m
      [31m-[0m[0m id       = "arn:aws:ecs:us-east-1:135274608372:cluster/tkt-dev-cluster" [90m-> null[0m[0m
      [31m-[0m[0m name     = "tkt-dev-cluster" [90m-> null[0m[0m
      [31m-[0m[0m tags     = {
          [31m-[0m[0m "Name" = "tkt-dev-cluster"
        } [90m-> null[0m[0m
      [31m-[0m[0m tags_all = {
          [31m-[0m[0m "CostCenter"  = "ticketdesk-poc"
          [31m-[0m[0m "Environment" = "dev"
          [31m-[0m[0m "Name"        = "tkt-dev-cluster"
          [31m-[0m[0m "Owner"       = "bhumeera"
          [31m-[0m[0m "Project"     = "TicketDesk"
        } [90m-> null[0m[0m

      [31m-[0m[0m setting {
          [31m-[0m[0m name  = "containerInsights" [90m-> null[0m[0m
          [31m-[0m[0m value = "enabled" [90m-> null[0m[0m
        }
    }

[1m  # aws_ecs_task_definition.app[0m will be [1m[31mdestroyed[0m
[0m  [31m-[0m[0m resource "aws_ecs_task_definition" "app" {
      [31m-[0m[0m arn                      = "arn:aws:ecs:us-east-1:135274608372:task-definition/tkt-dev-ticketdesk:11" [90m-> null[0m[0m
      [31m-[0m[0m arn_without_revision     = "arn:aws:ecs:us-east-1:135274608372:task-definition/tkt-dev-ticketdesk" [90m-> null[0m[0m
      [31m-[0m[0m container_definitions    = jsonencode(
            [
              [31m-[0m[0m {
                  [31m-[0m[0m environment      = [
                      [31m-[0m[0m {
                          [31m-[0m[0m name  = "ENVIRONMENT"
                          [31m-[0m[0m value = "dev"
                        },
                    ]
                  [31m-[0m[0m essential        = true
                  [31m-[0m[0m image            = "135274608372.dkr.ecr.us-east-1.amazonaws.com/tkt-dev-ticketdesk:5b85950"
                  [31m-[0m[0m logConfiguration = {
                      [31m-[0m[0m logDriver = "awslogs"
                      [31m-[0m[0m options   = {
                          [31m-[0m[0m awslogs-group         = "/ecs/tkt-dev-ticketdesk"
                          [31m-[0m[0m awslogs-region        = "us-east-1"
                          [31m-[0m[0m awslogs-stream-prefix = "ticketdesk"
                        }
                    }
                  [31m-[0m[0m mountPoints      = []
                  [31m-[0m[0m name             = "ticketdesk-api"
                  [31m-[0m[0m portMappings     = [
                      [31m-[0m[0m {
                          [31m-[0m[0m containerPort = 8080
                          [31m-[0m[0m hostPort      = 8080
                          [31m-[0m[0m protocol      = "tcp"
                        },
                    ]
                  [31m-[0m[0m secrets          = [
                      [31m-[0m[0m {
                          [31m-[0m[0m name      = "ATTACHMENTS_BUCKET"
                          [31m-[0m[0m valueFrom = "arn:aws:ssm:us-east-1:135274608372:parameter/tkt-dev/app/attachments-bucket"
                        },
                      [31m-[0m[0m {
                          [31m-[0m[0m name      = "CORS_ORIGINS"
                          [31m-[0m[0m valueFrom = "arn:aws:ssm:us-east-1:135274608372:parameter/tkt-dev/app/cors-origins"
                        },
                      [31m-[0m[0m {
                          [31m-[0m[0m name      = "DB_HOST"
                          [31m-[0m[0m valueFrom = "arn:aws:ssm:us-east-1:135274608372:parameter/tkt-dev/db/host"
                        },
                      [31m-[0m[0m {
                          [31m-[0m[0m name      = "DB_NAME"
                          [31m-[0m[0m valueFrom = "arn:aws:ssm:us-east-1:135274608372:parameter/tkt-dev/db/name"
                        },
                      [31m-[0m[0m {
                          [31m-[0m[0m name      = "DB_PASSWORD"
                          [31m-[0m[0m valueFrom = "arn:aws:secretsmanager:us-east-1:135274608372:secret:tkt-dev/db-password-irJfdB"
                        },
                      [31m-[0m[0m {
                          [31m-[0m[0m name      = "DB_PORT"
                          [31m-[0m[0m valueFrom = "arn:aws:ssm:us-east-1:135274608372:parameter/tkt-dev/db/port"
                        },
                      [31m-[0m[0m {
                          [31m-[0m[0m name      = "DB_USER"
                          [31m-[0m[0m valueFrom = "arn:aws:ssm:us-east-1:135274608372:parameter/tkt-dev/db/username"
                        },
                      [31m-[0m[0m {
                          [31m-[0m[0m name      = "JWT_SECRET"
                          [31m-[0m[0m valueFrom = "arn:aws:secretsmanager:us-east-1:135274608372:secret:tkt-dev/jwt-secret-wirpDx"
                        },
                    ]
                  [31m-[0m[0m systemControls   = []
                  [31m-[0m[0m volumesFrom      = []
                },
            ]
        ) [90m-> null[0m[0m
      [31m-[0m[0m cpu                      = "256" [90m-> null[0m[0m
      [31m-[0m[0m enable_fault_injection   = false [90m-> null[0m[0m
      [31m-[0m[0m execution_role_arn       = "arn:aws:iam::135274608372:role/tkt-dev-ecs-execution-role" [90m-> null[0m[0m
      [31m-[0m[0m family                   = "tkt-dev-ticketdesk" [90m-> null[0m[0m
      [31m-[0m[0m id                       = "tkt-dev-ticketdesk" [90m-> null[0m[0m
      [31m-[0m[0m memory                   = "512" [90m-> null[0m[0m
      [31m-[0m[0m network_mode             = "awsvpc" [90m-> null[0m[0m
      [31m-[0m[0m requires_compatibilities = [
          [31m-[0m[0m "FARGATE",
        ] [90m-> null[0m[0m
      [31m-[0m[0m revision                 = 11 [90m-> null[0m[0m
      [31m-[0m[0m skip_destroy             = false [90m-> null[0m[0m
      [31m-[0m[0m tags                     = {
          [31m-[0m[0m "Name" = "tkt-dev-ticketdesk-task"
        } [90m-> null[0m[0m
      [31m-[0m[0m tags_all                 = {
          [31m-[0m[0m "CostCenter"  = "ticketdesk-poc"
          [31m-[0m[0m "Environment" = "dev"
          [31m-[0m[0m "Name"        = "tkt-dev-ticketdesk-task"
          [31m-[0m[0m "Owner"       = "bhumeera"
          [31m-[0m[0m "Project"     = "TicketDesk"
        } [90m-> null[0m[0m
      [31m-[0m[0m task_role_arn            = "arn:aws:iam::135274608372:role/tkt-dev-ecs-task-role" [90m-> null[0m[0m
      [31m-[0m[0m track_latest             = false [90m-> null[0m[0m
        [90m# (2 unchanged attributes hidden)[0m[0m
    }

[1m  # aws_iam_role.execution[0m will be [1m[31mdestroyed[0m
[0m  [31m-[0m[0m resource "aws_iam_role" "execution" {
      [31m-[0m[0m arn                   = "arn:aws:iam::135274608372:role/tkt-dev-ecs-execution-role" [90m-> null[0m[0m
      [31m-[0m[0m assume_role_policy    = jsonencode(
            {
              [31m-[0m[0m Statement = [
                  [31m-[0m[0m {
                      [31m-[0m[0m Action    = "sts:AssumeRole"
                      [31m-[0m[0m Effect    = "Allow"
                      [31m-[0m[0m Principal = {
                          [31m-[0m[0m Service = "ecs-tasks.amazonaws.com"
                        }
                    },
                ]
              [31m-[0m[0m Version   = "2012-10-17"
            }
        ) [90m-> null[0m[0m
      [31m-[0m[0m create_date           = "2026-08-07T07:11:39Z" [90m-> null[0m[0m
      [31m-[0m[0m force_detach_policies = false [90m-> null[0m[0m
      [31m-[0m[0m id                    = "tkt-dev-ecs-execution-role" [90m-> null[0m[0m
      [31m-[0m[0m managed_policy_arns   = [
          [31m-[0m[0m "arn:aws:iam::aws:policy/service-role/AmazonECSTaskExecutionRolePolicy",
        ] [90m-> null[0m[0m
      [31m-[0m[0m max_session_duration  = 3600 [90m-> null[0m[0m
      [31m-[0m[0m name                  = "tkt-dev-ecs-execution-role" [90m-> null[0m[0m
      [31m-[0m[0m path                  = "/" [90m-> null[0m[0m
      [31m-[0m[0m tags                  = {
          [31m-[0m[0m "Name" = "tkt-dev-ecs-execution-role"
        } [90m-> null[0m[0m
      [31m-[0m[0m tags_all              = {
          [31m-[0m[0m "CostCenter"  = "ticketdesk-poc"
          [31m-[0m[0m "Environment" = "dev"
          [31m-[0m[0m "Name"        = "tkt-dev-ecs-execution-role"
          [31m-[0m[0m "Owner"       = "bhumeera"
          [31m-[0m[0m "Project"     = "TicketDesk"
        } [90m-> null[0m[0m
      [31m-[0m[0m unique_id             = "AROAR67X6W32ORYQWEFBS" [90m-> null[0m[0m
        [90m# (3 unchanged attributes hidden)[0m[0m

      [31m-[0m[0m inline_policy {
          [31m-[0m[0m name   = "tkt-dev-ecs-execution-secrets" [90m-> null[0m[0m
          [31m-[0m[0m policy = jsonencode(
                {
                  [31m-[0m[0m Statement = [
                      [31m-[0m[0m {
                          [31m-[0m[0m Action   = "secretsmanager:GetSecretValue"
                          [31m-[0m[0m Effect   = "Allow"
                          [31m-[0m[0m Resource = [
                              [31m-[0m[0m "arn:aws:secretsmanager:us-east-1:135274608372:secret:tkt-dev/jwt-secret-wirpDx",
                              [31m-[0m[0m "arn:aws:secretsmanager:us-east-1:135274608372:secret:tkt-dev/db-password-irJfdB",
                            ]
                          [31m-[0m[0m Sid      = "ReadSecrets"
                        },
                      [31m-[0m[0m {
                          [31m-[0m[0m Action   = "ssm:GetParameters"
                          [31m-[0m[0m Effect   = "Allow"
                          [31m-[0m[0m Resource = [
                              [31m-[0m[0m "arn:aws:ssm:us-east-1:135274608372:parameter/tkt-dev/db/username",
                              [31m-[0m[0m "arn:aws:ssm:us-east-1:135274608372:parameter/tkt-dev/db/port",
                              [31m-[0m[0m "arn:aws:ssm:us-east-1:135274608372:parameter/tkt-dev/db/name",
                              [31m-[0m[0m "arn:aws:ssm:us-east-1:135274608372:parameter/tkt-dev/db/host",
                              [31m-[0m[0m "arn:aws:ssm:us-east-1:135274608372:parameter/tkt-dev/app/cors-origins",
                              [31m-[0m[0m "arn:aws:ssm:us-east-1:135274608372:parameter/tkt-dev/app/attachments-bucket",
                            ]
                          [31m-[0m[0m Sid      = "ReadAppParameters"
                        },
                    ]
                  [31m-[0m[0m Version   = "2012-10-17"
                }
            ) [90m-> null[0m[0m
        }
    }

[1m  # aws_iam_role.task[0m will be [1m[31mdestroyed[0m
[0m  [31m-[0m[0m resource "aws_iam_role" "task" {
      [31m-[0m[0m arn                   = "arn:aws:iam::135274608372:role/tkt-dev-ecs-task-role" [90m-> null[0m[0m
      [31m-[0m[0m assume_role_policy    = jsonencode(
            {
              [31m-[0m[0m Statement = [
                  [31m-[0m[0m {
                      [31m-[0m[0m Action    = "sts:AssumeRole"
                      [31m-[0m[0m Effect    = "Allow"
                      [31m-[0m[0m Principal = {
                          [31m-[0m[0m Service = "ecs-tasks.amazonaws.com"
                        }
                    },
                ]
              [31m-[0m[0m Version   = "2012-10-17"
            }
        ) [90m-> null[0m[0m
      [31m-[0m[0m create_date           = "2026-08-07T07:11:39Z" [90m-> null[0m[0m
      [31m-[0m[0m force_detach_policies = false [90m-> null[0m[0m
      [31m-[0m[0m id                    = "tkt-dev-ecs-task-role" [90m-> null[0m[0m
      [31m-[0m[0m managed_policy_arns   = [] [90m-> null[0m[0m
      [31m-[0m[0m max_session_duration  = 3600 [90m-> null[0m[0m
      [31m-[0m[0m name                  = "tkt-dev-ecs-task-role" [90m-> null[0m[0m
      [31m-[0m[0m path                  = "/" [90m-> null[0m[0m
      [31m-[0m[0m tags                  = {
          [31m-[0m[0m "Name" = "tkt-dev-ecs-task-role"
        } [90m-> null[0m[0m
      [31m-[0m[0m tags_all              = {
          [31m-[0m[0m "CostCenter"  = "ticketdesk-poc"
          [31m-[0m[0m "Environment" = "dev"
          [31m-[0m[0m "Name"        = "tkt-dev-ecs-task-role"
          [31m-[0m[0m "Owner"       = "bhumeera"
          [31m-[0m[0m "Project"     = "TicketDesk"
        } [90m-> null[0m[0m
      [31m-[0m[0m unique_id             = "AROAR67X6W32DCWYSEKCA" [90m-> null[0m[0m
        [90m# (3 unchanged attributes hidden)[0m[0m

      [31m-[0m[0m inline_policy {
          [31m-[0m[0m name   = "tkt-dev-ecs-task-attachments" [90m-> null[0m[0m
          [31m-[0m[0m policy = jsonencode(
                {
                  [31m-[0m[0m Statement = [
                      [31m-[0m[0m {
                          [31m-[0m[0m Action   = [
                              [31m-[0m[0m "s3:PutObject",
                              [31m-[0m[0m "s3:GetObject",
                            ]
                          [31m-[0m[0m Effect   = "Allow"
                          [31m-[0m[0m Resource = "arn:aws:s3:::tkt-dev-attachments/*"
                          [31m-[0m[0m Sid      = "PresignedUploadsAndDownloads"
                        },
                    ]
                  [31m-[0m[0m Version   = "2012-10-17"
                }
            ) [90m-> null[0m[0m
        }
    }

[1m  # aws_iam_role_policy.execution_secrets[0m will be [1m[31mdestroyed[0m
[0m  [31m-[0m[0m resource "aws_iam_role_policy" "execution_secrets" {
      [31m-[0m[0m id          = "tkt-dev-ecs-execution-role:tkt-dev-ecs-execution-secrets" [90m-> null[0m[0m
      [31m-[0m[0m name        = "tkt-dev-ecs-execution-secrets" [90m-> null[0m[0m
      [31m-[0m[0m policy      = jsonencode(
            {
              [31m-[0m[0m Statement = [
                  [31m-[0m[0m {
                      [31m-[0m[0m Action   = "secretsmanager:GetSecretValue"
                      [31m-[0m[0m Effect   = "Allow"
                      [31m-[0m[0m Resource = [
                          [31m-[0m[0m "arn:aws:secretsmanager:us-east-1:135274608372:secret:tkt-dev/jwt-secret-wirpDx",
                          [31m-[0m[0m "arn:aws:secretsmanager:us-east-1:135274608372:secret:tkt-dev/db-password-irJfdB",
                        ]
                      [31m-[0m[0m Sid      = "ReadSecrets"
                    },
                  [31m-[0m[0m {
                      [31m-[0m[0m Action   = "ssm:GetParameters"
                      [31m-[0m[0m Effect   = "Allow"
                      [31m-[0m[0m Resource = [
                          [31m-[0m[0m "arn:aws:ssm:us-east-1:135274608372:parameter/tkt-dev/db/username",
                          [31m-[0m[0m "arn:aws:ssm:us-east-1:135274608372:parameter/tkt-dev/db/port",
                          [31m-[0m[0m "arn:aws:ssm:us-east-1:135274608372:parameter/tkt-dev/db/name",
                          [31m-[0m[0m "arn:aws:ssm:us-east-1:135274608372:parameter/tkt-dev/db/host",
                          [31m-[0m[0m "arn:aws:ssm:us-east-1:135274608372:parameter/tkt-dev/app/cors-origins",
                          [31m-[0m[0m "arn:aws:ssm:us-east-1:135274608372:parameter/tkt-dev/app/attachments-bucket",
                        ]
                      [31m-[0m[0m Sid      = "ReadAppParameters"
                    },
                ]
              [31m-[0m[0m Version   = "2012-10-17"
            }
        ) [90m-> null[0m[0m
      [31m-[0m[0m role        = "tkt-dev-ecs-execution-role" [90m-> null[0m[0m
        [90m# (1 unchanged attribute hidden)[0m[0m
    }

[1m  # aws_iam_role_policy.task_attachments[0m will be [1m[31mdestroyed[0m
[0m  [31m-[0m[0m resource "aws_iam_role_policy" "task_attachments" {
      [31m-[0m[0m id          = "tkt-dev-ecs-task-role:tkt-dev-ecs-task-attachments" [90m-> null[0m[0m
      [31m-[0m[0m name        = "tkt-dev-ecs-task-attachments" [90m-> null[0m[0m
      [31m-[0m[0m policy      = jsonencode(
            {
              [31m-[0m[0m Statement = [
                  [31m-[0m[0m {
                      [31m-[0m[0m Action   = [
                          [31m-[0m[0m "s3:PutObject",
                          [31m-[0m[0m "s3:GetObject",
                        ]
                      [31m-[0m[0m Effect   = "Allow"
                      [31m-[0m[0m Resource = "arn:aws:s3:::tkt-dev-attachments/*"
                      [31m-[0m[0m Sid      = "PresignedUploadsAndDownloads"
                    },
                ]
              [31m-[0m[0m Version   = "2012-10-17"
            }
        ) [90m-> null[0m[0m
      [31m-[0m[0m role        = "tkt-dev-ecs-task-role" [90m-> null[0m[0m
        [90m# (1 unchanged attribute hidden)[0m[0m
    }

[1m  # aws_iam_role_policy_attachment.execution_managed[0m will be [1m[31mdestroyed[0m
[0m  [31m-[0m[0m resource "aws_iam_role_policy_attachment" "execution_managed" {
      [31m-[0m[0m id         = "tkt-dev-ecs-execution-role-20260807071143448500000003" [90m-> null[0m[0m
      [31m-[0m[0m policy_arn = "arn:aws:iam::aws:policy/service-role/AmazonECSTaskExecutionRolePolicy" [90m-> null[0m[0m
      [31m-[0m[0m role       = "tkt-dev-ecs-execution-role" [90m-> null[0m[0m
    }

[1m  # aws_internet_gateway.main[0m will be [1m[31mdestroyed[0m
[0m  [31m-[0m[0m resource "aws_internet_gateway" "main" {
      [31m-[0m[0m arn      = "arn:aws:ec2:us-east-1:135274608372:internet-gateway/igw-08e1f747f64b08fc9" [90m-> null[0m[0m
      [31m-[0m[0m id       = "igw-08e1f747f64b08fc9" [90m-> null[0m[0m
      [31m-[0m[0m owner_id = "135274608372" [90m-> null[0m[0m
      [31m-[0m[0m tags     = {
          [31m-[0m[0m "Name" = "tkt-dev-igw"
        } [90m-> null[0m[0m
      [31m-[0m[0m tags_all = {
          [31m-[0m[0m "CostCenter"  = "ticketdesk-poc"
          [31m-[0m[0m "Environment" = "dev"
          [31m-[0m[0m "Name"        = "tkt-dev-igw"
          [31m-[0m[0m "Owner"       = "bhumeera"
          [31m-[0m[0m "Project"     = "TicketDesk"
        } [90m-> null[0m[0m
      [31m-[0m[0m vpc_id   = "vpc-01b99f46108d6395a" [90m-> null[0m[0m
    }

[1m  # aws_lb.main[0m will be [1m[31mdestroyed[0m
[0m  [31m-[0m[0m resource "aws_lb" "main" {
      [31m-[0m[0m arn                                                          = "arn:aws:elasticloadbalancing:us-east-1:135274608372:loadbalancer/app/tkt-dev-alb/889207aa07c27979" [90m-> null[0m[0m
      [31m-[0m[0m arn_suffix                                                   = "app/tkt-dev-alb/889207aa07c27979" [90m-> null[0m[0m
      [31m-[0m[0m client_keep_alive                                            = 3600 [90m-> null[0m[0m
      [31m-[0m[0m desync_mitigation_mode                                       = "defensive" [90m-> null[0m[0m
      [31m-[0m[0m dns_name                                                     = "tkt-dev-alb-1628561447.us-east-1.elb.amazonaws.com" [90m-> null[0m[0m
      [31m-[0m[0m drop_invalid_header_fields                                   = false [90m-> null[0m[0m
      [31m-[0m[0m enable_cross_zone_load_balancing                             = true [90m-> null[0m[0m
      [31m-[0m[0m enable_deletion_protection                                   = false [90m-> null[0m[0m
      [31m-[0m[0m enable_http2                                                 = true [90m-> null[0m[0m
      [31m-[0m[0m enable_tls_version_and_cipher_suite_headers                  = false [90m-> null[0m[0m
      [31m-[0m[0m enable_waf_fail_open                                         = false [90m-> null[0m[0m
      [31m-[0m[0m enable_xff_client_port                                       = false [90m-> null[0m[0m
      [31m-[0m[0m enable_zonal_shift                                           = false [90m-> null[0m[0m
      [31m-[0m[0m id                                                           = "arn:aws:elasticloadbalancing:us-east-1:135274608372:loadbalancer/app/tkt-dev-alb/889207aa07c27979" [90m-> null[0m[0m
      [31m-[0m[0m idle_timeout                                                 = 60 [90m-> null[0m[0m
      [31m-[0m[0m internal                                                     = false [90m-> null[0m[0m
      [31m-[0m[0m ip_address_type                                              = "ipv4" [90m-> null[0m[0m
      [31m-[0m[0m load_balancer_type                                           = "application" [90m-> null[0m[0m
      [31m-[0m[0m name                                                         = "tkt-dev-alb" [90m-> null[0m[0m
      [31m-[0m[0m preserve_host_header                                         = false [90m-> null[0m[0m
      [31m-[0m[0m security_groups                                              = [
          [31m-[0m[0m "sg-0758b082596ff96cd",
        ] [90m-> null[0m[0m
      [31m-[0m[0m subnets                                                      = [
          [31m-[0m[0m "subnet-07e5914b5c891d3f0",
          [31m-[0m[0m "subnet-0c36c916321da561c",
        ] [90m-> null[0m[0m
      [31m-[0m[0m tags                                                         = {
          [31m-[0m[0m "Name" = "tkt-dev-alb"
        } [90m-> null[0m[0m
      [31m-[0m[0m tags_all                                                     = {
          [31m-[0m[0m "CostCenter"  = "ticketdesk-poc"
          [31m-[0m[0m "Environment" = "dev"
          [31m-[0m[0m "Name"        = "tkt-dev-alb"
          [31m-[0m[0m "Owner"       = "bhumeera"
          [31m-[0m[0m "Project"     = "TicketDesk"
        } [90m-> null[0m[0m
      [31m-[0m[0m vpc_id                                                       = "vpc-01b99f46108d6395a" [90m-> null[0m[0m
      [31m-[0m[0m xff_header_processing_mode                                   = "append" [90m-> null[0m[0m
      [31m-[0m[0m zone_id                                                      = "Z35SXDOTRQ7X7K" [90m-> null[0m[0m
        [90m# (3 unchanged attributes hidden)[0m[0m

      [31m-[0m[0m access_logs {
          [31m-[0m[0m enabled = false [90m-> null[0m[0m
            [90m# (2 unchanged attributes hidden)[0m[0m
        }

      [31m-[0m[0m connection_logs {
          [31m-[0m[0m enabled = false [90m-> null[0m[0m
            [90m# (2 unchanged attributes hidden)[0m[0m
        }

      [31m-[0m[0m subnet_mapping {
          [31m-[0m[0m subnet_id            = "subnet-07e5914b5c891d3f0" [90m-> null[0m[0m
            [90m# (4 unchanged attributes hidden)[0m[0m
        }
      [31m-[0m[0m subnet_mapping {
          [31m-[0m[0m subnet_id            = "subnet-0c36c916321da561c" [90m-> null[0m[0m
            [90m# (4 unchanged attributes hidden)[0m[0m
        }
    }

[1m  # aws_lb_listener.http[0m will be [1m[31mdestroyed[0m
[0m  [31m-[0m[0m resource "aws_lb_listener" "http" {
      [31m-[0m[0m arn                                                                 = "arn:aws:elasticloadbalancing:us-east-1:135274608372:listener/app/tkt-dev-alb/889207aa07c27979/f27073f67eeed369" [90m-> null[0m[0m
      [31m-[0m[0m id                                                                  = "arn:aws:elasticloadbalancing:us-east-1:135274608372:listener/app/tkt-dev-alb/889207aa07c27979/f27073f67eeed369" [90m-> null[0m[0m
      [31m-[0m[0m load_balancer_arn                                                   = "arn:aws:elasticloadbalancing:us-east-1:135274608372:loadbalancer/app/tkt-dev-alb/889207aa07c27979" [90m-> null[0m[0m
      [31m-[0m[0m port                                                                = 80 [90m-> null[0m[0m
      [31m-[0m[0m protocol                                                            = "HTTP" [90m-> null[0m[0m
      [31m-[0m[0m routing_http_response_server_enabled                                = true [90m-> null[0m[0m
      [31m-[0m[0m tags                                                                = {} [90m-> null[0m[0m
      [31m-[0m[0m tags_all                                                            = {
          [31m-[0m[0m "CostCenter"  = "ticketdesk-poc"
          [31m-[0m[0m "Environment" = "dev"
          [31m-[0m[0m "Owner"       = "bhumeera"
          [31m-[0m[0m "Project"     = "TicketDesk"
        } [90m-> null[0m[0m
        [90m# (11 unchanged attributes hidden)[0m[0m

      [31m-[0m[0m default_action {
          [31m-[0m[0m order            = 1 [90m-> null[0m[0m
          [31m-[0m[0m target_group_arn = "arn:aws:elasticloadbalancing:us-east-1:135274608372:targetgroup/tkt-dev-tg/018636caad7c1944" [90m-> null[0m[0m
          [31m-[0m[0m type             = "forward" [90m-> null[0m[0m
        }
    }

[1m  # aws_lb_target_group.app[0m will be [1m[31mdestroyed[0m
[0m  [31m-[0m[0m resource "aws_lb_target_group" "app" {
      [31m-[0m[0m arn                                = "arn:aws:elasticloadbalancing:us-east-1:135274608372:targetgroup/tkt-dev-tg/018636caad7c1944" [90m-> null[0m[0m
      [31m-[0m[0m arn_suffix                         = "targetgroup/tkt-dev-tg/018636caad7c1944" [90m-> null[0m[0m
      [31m-[0m[0m deregistration_delay               = "300" [90m-> null[0m[0m
      [31m-[0m[0m id                                 = "arn:aws:elasticloadbalancing:us-east-1:135274608372:targetgroup/tkt-dev-tg/018636caad7c1944" [90m-> null[0m[0m
      [31m-[0m[0m ip_address_type                    = "ipv4" [90m-> null[0m[0m
      [31m-[0m[0m lambda_multi_value_headers_enabled = false [90m-> null[0m[0m
      [31m-[0m[0m load_balancer_arns                 = [
          [31m-[0m[0m "arn:aws:elasticloadbalancing:us-east-1:135274608372:loadbalancer/app/tkt-dev-alb/889207aa07c27979",
        ] [90m-> null[0m[0m
      [31m-[0m[0m load_balancing_algorithm_type      = "round_robin" [90m-> null[0m[0m
      [31m-[0m[0m load_balancing_anomaly_mitigation  = "off" [90m-> null[0m[0m
      [31m-[0m[0m load_balancing_cross_zone_enabled  = "use_load_balancer_configuration" [90m-> null[0m[0m
      [31m-[0m[0m name                               = "tkt-dev-tg" [90m-> null[0m[0m
      [31m-[0m[0m port                               = 8080 [90m-> null[0m[0m
      [31m-[0m[0m protocol                           = "HTTP" [90m-> null[0m[0m
      [31m-[0m[0m protocol_version                   = "HTTP1" [90m-> null[0m[0m
      [31m-[0m[0m proxy_protocol_v2                  = false [90m-> null[0m[0m
      [31m-[0m[0m slow_start                         = 0 [90m-> null[0m[0m
      [31m-[0m[0m tags                               = {
          [31m-[0m[0m "Name" = "tkt-dev-tg"
        } [90m-> null[0m[0m
      [31m-[0m[0m tags_all                           = {
          [31m-[0m[0m "CostCenter"  = "ticketdesk-poc"
          [31m-[0m[0m "Environment" = "dev"
          [31m-[0m[0m "Name"        = "tkt-dev-tg"
          [31m-[0m[0m "Owner"       = "bhumeera"
          [31m-[0m[0m "Project"     = "TicketDesk"
        } [90m-> null[0m[0m
      [31m-[0m[0m target_type                        = "ip" [90m-> null[0m[0m
      [31m-[0m[0m vpc_id                             = "vpc-01b99f46108d6395a" [90m-> null[0m[0m
        [90m# (1 unchanged attribute hidden)[0m[0m

      [31m-[0m[0m health_check {
          [31m-[0m[0m enabled             = true [90m-> null[0m[0m
          [31m-[0m[0m healthy_threshold   = 2 [90m-> null[0m[0m
          [31m-[0m[0m interval            = 15 [90m-> null[0m[0m
          [31m-[0m[0m matcher             = "200" [90m-> null[0m[0m
          [31m-[0m[0m path                = "/api/health" [90m-> null[0m[0m
          [31m-[0m[0m port                = "traffic-port" [90m-> null[0m[0m
          [31m-[0m[0m protocol            = "HTTP" [90m-> null[0m[0m
          [31m-[0m[0m timeout             = 5 [90m-> null[0m[0m
          [31m-[0m[0m unhealthy_threshold = 3 [90m-> null[0m[0m
        }

      [31m-[0m[0m stickiness {
          [31m-[0m[0m cookie_duration = 86400 [90m-> null[0m[0m
          [31m-[0m[0m enabled         = false [90m-> null[0m[0m
          [31m-[0m[0m type            = "lb_cookie" [90m-> null[0m[0m
            [90m# (1 unchanged attribute hidden)[0m[0m
        }

      [31m-[0m[0m target_failover {}

      [31m-[0m[0m target_group_health {
          [31m-[0m[0m dns_failover {
              [31m-[0m[0m minimum_healthy_targets_count      = "1" [90m-> null[0m[0m
              [31m-[0m[0m minimum_healthy_targets_percentage = "off" [90m-> null[0m[0m
            }
          [31m-[0m[0m unhealthy_state_routing {
              [31m-[0m[0m minimum_healthy_targets_count      = 1 [90m-> null[0m[0m
              [31m-[0m[0m minimum_healthy_targets_percentage = "off" [90m-> null[0m[0m
            }
        }

      [31m-[0m[0m target_health_state {}
    }

[1m  # aws_route_table.private[0m will be [1m[31mdestroyed[0m
[0m  [31m-[0m[0m resource "aws_route_table" "private" {
      [31m-[0m[0m arn              = "arn:aws:ec2:us-east-1:135274608372:route-table/rtb-07b189360d858159a" [90m-> null[0m[0m
      [31m-[0m[0m id               = "rtb-07b189360d858159a" [90m-> null[0m[0m
      [31m-[0m[0m owner_id         = "135274608372" [90m-> null[0m[0m
      [31m-[0m[0m propagating_vgws = [] [90m-> null[0m[0m
      [31m-[0m[0m route            = [] [90m-> null[0m[0m
      [31m-[0m[0m tags             = {
          [31m-[0m[0m "Name" = "tkt-dev-private-rt"
        } [90m-> null[0m[0m
      [31m-[0m[0m tags_all         = {
          [31m-[0m[0m "CostCenter"  = "ticketdesk-poc"
          [31m-[0m[0m "Environment" = "dev"
          [31m-[0m[0m "Name"        = "tkt-dev-private-rt"
          [31m-[0m[0m "Owner"       = "bhumeera"
          [31m-[0m[0m "Project"     = "TicketDesk"
        } [90m-> null[0m[0m
      [31m-[0m[0m vpc_id           = "vpc-01b99f46108d6395a" [90m-> null[0m[0m
    }

[1m  # aws_s3_bucket.attachments[0m will be [1m[31mdestroyed[0m
[0m  [31m-[0m[0m resource "aws_s3_bucket" "attachments" {
      [31m-[0m[0m arn                         = "arn:aws:s3:::tkt-dev-attachments" [90m-> null[0m[0m
      [31m-[0m[0m bucket                      = "tkt-dev-attachments" [90m-> null[0m[0m
      [31m-[0m[0m bucket_domain_name          = "tkt-dev-attachments.s3.amazonaws.com" [90m-> null[0m[0m
      [31m-[0m[0m bucket_regional_domain_name = "tkt-dev-attachments.s3.us-east-1.amazonaws.com" [90m-> null[0m[0m
      [31m-[0m[0m force_destroy               = true [90m-> null[0m[0m
      [31m-[0m[0m hosted_zone_id              = "Z3AQBSTGFYJSTF" [90m-> null[0m[0m
      [31m-[0m[0m id                          = "tkt-dev-attachments" [90m-> null[0m[0m
      [31m-[0m[0m object_lock_enabled         = false [90m-> null[0m[0m
      [31m-[0m[0m region                      = "us-east-1" [90m-> null[0m[0m
      [31m-[0m[0m request_payer               = "BucketOwner" [90m-> null[0m[0m
      [31m-[0m[0m tags                        = {
          [31m-[0m[0m "Name" = "tkt-dev-attachments"
        } [90m-> null[0m[0m
      [31m-[0m[0m tags_all                    = {
          [31m-[0m[0m "CostCenter"  = "ticketdesk-poc"
          [31m-[0m[0m "Environment" = "dev"
          [31m-[0m[0m "Name"        = "tkt-dev-attachments"
          [31m-[0m[0m "Owner"       = "bhumeera"
          [31m-[0m[0m "Project"     = "TicketDesk"
        } [90m-> null[0m[0m
        [90m# (3 unchanged attributes hidden)[0m[0m

      [31m-[0m[0m grant {
          [31m-[0m[0m id          = "608bbd3a176a307cc577749a053063a6bb5d8685261b126e7bb51d7ae21679d8" [90m-> null[0m[0m
          [31m-[0m[0m permissions = [
              [31m-[0m[0m "FULL_CONTROL",
            ] [90m-> null[0m[0m
          [31m-[0m[0m type        = "CanonicalUser" [90m-> null[0m[0m
            [90m# (1 unchanged attribute hidden)[0m[0m
        }

      [31m-[0m[0m server_side_encryption_configuration {
          [31m-[0m[0m rule {
              [31m-[0m[0m bucket_key_enabled = false [90m-> null[0m[0m

              [31m-[0m[0m apply_server_side_encryption_by_default {
                  [31m-[0m[0m sse_algorithm     = "AES256" [90m-> null[0m[0m
                    [90m# (1 unchanged attribute hidden)[0m[0m
                }
            }
        }

      [31m-[0m[0m versioning {
          [31m-[0m[0m enabled    = false [90m-> null[0m[0m
          [31m-[0m[0m mfa_delete = false [90m-> null[0m[0m
        }
    }

[1m  # aws_s3_bucket.frontend[0m will be [1m[31mdestroyed[0m
[0m  [31m-[0m[0m resource "aws_s3_bucket" "frontend" {
      [31m-[0m[0m arn                         = "arn:aws:s3:::tkt-dev-frontend" [90m-> null[0m[0m
      [31m-[0m[0m bucket                      = "tkt-dev-frontend" [90m-> null[0m[0m
      [31m-[0m[0m bucket_domain_name          = "tkt-dev-frontend.s3.amazonaws.com" [90m-> null[0m[0m
      [31m-[0m[0m bucket_regional_domain_name = "tkt-dev-frontend.s3.us-east-1.amazonaws.com" [90m-> null[0m[0m
      [31m-[0m[0m force_destroy               = true [90m-> null[0m[0m
      [31m-[0m[0m hosted_zone_id              = "Z3AQBSTGFYJSTF" [90m-> null[0m[0m
      [31m-[0m[0m id                          = "tkt-dev-frontend" [90m-> null[0m[0m
      [31m-[0m[0m object_lock_enabled         = false [90m-> null[0m[0m
      [31m-[0m[0m region                      = "us-east-1" [90m-> null[0m[0m
      [31m-[0m[0m request_payer               = "BucketOwner" [90m-> null[0m[0m
      [31m-[0m[0m tags                        = {
          [31m-[0m[0m "Name" = "tkt-dev-frontend"
        } [90m-> null[0m[0m
      [31m-[0m[0m tags_all                    = {
          [31m-[0m[0m "CostCenter"  = "ticketdesk-poc"
          [31m-[0m[0m "Environment" = "dev"
          [31m-[0m[0m "Name"        = "tkt-dev-frontend"
          [31m-[0m[0m "Owner"       = "bhumeera"
          [31m-[0m[0m "Project"     = "TicketDesk"
        } [90m-> null[0m[0m
      [31m-[0m[0m website_domain              = "s3-website-us-east-1.amazonaws.com" [90m-> null[0m[0m
      [31m-[0m[0m website_endpoint            = "tkt-dev-frontend.s3-website-us-east-1.amazonaws.com" [90m-> null[0m[0m
        [90m# (3 unchanged attributes hidden)[0m[0m

      [31m-[0m[0m grant {
          [31m-[0m[0m id          = "608bbd3a176a307cc577749a053063a6bb5d8685261b126e7bb51d7ae21679d8" [90m-> null[0m[0m
          [31m-[0m[0m permissions = [
              [31m-[0m[0m "FULL_CONTROL",
            ] [90m-> null[0m[0m
          [31m-[0m[0m type        = "CanonicalUser" [90m-> null[0m[0m
            [90m# (1 unchanged attribute hidden)[0m[0m
        }

      [31m-[0m[0m server_side_encryption_configuration {
          [31m-[0m[0m rule {
              [31m-[0m[0m bucket_key_enabled = false [90m-> null[0m[0m

              [31m-[0m[0m apply_server_side_encryption_by_default {
                  [31m-[0m[0m sse_algorithm     = "AES256" [90m-> null[0m[0m
                    [90m# (1 unchanged attribute hidden)[0m[0m
                }
            }
        }

      [31m-[0m[0m versioning {
          [31m-[0m[0m enabled    = false [90m-> null[0m[0m
          [31m-[0m[0m mfa_delete = false [90m-> null[0m[0m
        }

      [31m-[0m[0m website {
          [31m-[0m[0m index_document           = "index.html" [90m-> null[0m[0m
            [90m# (3 unchanged attributes hidden)[0m[0m
        }
    }

[1m  # aws_s3_bucket_website_configuration.frontend[0m will be [1m[31mdestroyed[0m
[0m  [31m-[0m[0m resource "aws_s3_bucket_website_configuration" "frontend" {
      [31m-[0m[0m bucket                = "tkt-dev-frontend" [90m-> null[0m[0m
      [31m-[0m[0m id                    = "tkt-dev-frontend" [90m-> null[0m[0m
      [31m-[0m[0m website_domain        = "s3-website-us-east-1.amazonaws.com" [90m-> null[0m[0m
      [31m-[0m[0m website_endpoint      = "tkt-dev-frontend.s3-website-us-east-1.amazonaws.com" [90m-> null[0m[0m
        [90m# (2 unchanged attributes hidden)[0m[0m

      [31m-[0m[0m index_document {
          [31m-[0m[0m suffix = "index.html" [90m-> null[0m[0m
        }
    }

[1m  # aws_secretsmanager_secret.db_password[0m will be [1m[31mdestroyed[0m
[0m  [31m-[0m[0m resource "aws_secretsmanager_secret" "db_password" {
      [31m-[0m[0m arn                            = "arn:aws:secretsmanager:us-east-1:135274608372:secret:tkt-dev/db-password-irJfdB" [90m-> null[0m[0m
      [31m-[0m[0m force_overwrite_replica_secret = false [90m-> null[0m[0m
      [31m-[0m[0m id                             = "arn:aws:secretsmanager:us-east-1:135274608372:secret:tkt-dev/db-password-irJfdB" [90m-> null[0m[0m
      [31m-[0m[0m name                           = "tkt-dev/db-password" [90m-> null[0m[0m
      [31m-[0m[0m recovery_window_in_days        = 0 [90m-> null[0m[0m
      [31m-[0m[0m tags                           = {
          [31m-[0m[0m "Name" = "tkt-dev-db-password"
        } [90m-> null[0m[0m
      [31m-[0m[0m tags_all                       = {
          [31m-[0m[0m "CostCenter"  = "ticketdesk-poc"
          [31m-[0m[0m "Environment" = "dev"
          [31m-[0m[0m "Name"        = "tkt-dev-db-password"
          [31m-[0m[0m "Owner"       = "bhumeera"
          [31m-[0m[0m "Project"     = "TicketDesk"
        } [90m-> null[0m[0m
        [90m# (4 unchanged attributes hidden)[0m[0m
    }

[1m  # aws_secretsmanager_secret.jwt_secret[0m will be [1m[31mdestroyed[0m
[0m  [31m-[0m[0m resource "aws_secretsmanager_secret" "jwt_secret" {
      [31m-[0m[0m arn                            = "arn:aws:secretsmanager:us-east-1:135274608372:secret:tkt-dev/jwt-secret-wirpDx" [90m-> null[0m[0m
      [31m-[0m[0m force_overwrite_replica_secret = false [90m-> null[0m[0m
      [31m-[0m[0m id                             = "arn:aws:secretsmanager:us-east-1:135274608372:secret:tkt-dev/jwt-secret-wirpDx" [90m-> null[0m[0m
      [31m-[0m[0m name                           = "tkt-dev/jwt-secret" [90m-> null[0m[0m
      [31m-[0m[0m recovery_window_in_days        = 0 [90m-> null[0m[0m
      [31m-[0m[0m tags                           = {
          [31m-[0m[0m "Name" = "tkt-dev-jwt-secret"
        } [90m-> null[0m[0m
      [31m-[0m[0m tags_all                       = {
          [31m-[0m[0m "CostCenter"  = "ticketdesk-poc"
          [31m-[0m[0m "Environment" = "dev"
          [31m-[0m[0m "Name"        = "tkt-dev-jwt-secret"
          [31m-[0m[0m "Owner"       = "bhumeera"
          [31m-[0m[0m "Project"     = "TicketDesk"
        } [90m-> null[0m[0m
        [90m# (4 unchanged attributes hidden)[0m[0m
    }

[1m  # aws_security_group.alb[0m will be [1m[31mdestroyed[0m
[0m  [31m-[0m[0m resource "aws_security_group" "alb" {
      [31m-[0m[0m arn                    = "arn:aws:ec2:us-east-1:135274608372:security-group/sg-0758b082596ff96cd" [90m-> null[0m[0m
      [31m-[0m[0m description            = "Internet-facing ALB for the TicketDesk API" [90m-> null[0m[0m
      [31m-[0m[0m egress                 = [] [90m-> null[0m[0m
      [31m-[0m[0m id                     = "sg-0758b082596ff96cd" [90m-> null[0m[0m
      [31m-[0m[0m ingress                = [] [90m-> null[0m[0m
      [31m-[0m[0m name                   = "tkt-dev-alb-sg" [90m-> null[0m[0m
      [31m-[0m[0m owner_id               = "135274608372" [90m-> null[0m[0m
      [31m-[0m[0m revoke_rules_on_delete = false [90m-> null[0m[0m
      [31m-[0m[0m tags                   = {
          [31m-[0m[0m "Name" = "tkt-dev-alb-sg"
        } [90m-> null[0m[0m
      [31m-[0m[0m tags_all               = {
          [31m-[0m[0m "CostCenter"  = "ticketdesk-poc"
          [31m-[0m[0m "Environment" = "dev"
          [31m-[0m[0m "Name"        = "tkt-dev-alb-sg"
          [31m-[0m[0m "Owner"       = "bhumeera"
          [31m-[0m[0m "Project"     = "TicketDesk"
        } [90m-> null[0m[0m
      [31m-[0m[0m vpc_id                 = "vpc-01b99f46108d6395a" [90m-> null[0m[0m
        [90m# (1 unchanged attribute hidden)[0m[0m
    }

[1m  # aws_security_group.ecs_task[0m will be [1m[31mdestroyed[0m
[0m  [31m-[0m[0m resource "aws_security_group" "ecs_task" {
      [31m-[0m[0m arn                    = "arn:aws:ec2:us-east-1:135274608372:security-group/sg-0339c207833110197" [90m-> null[0m[0m
      [31m-[0m[0m description            = "TicketDesk API tasks (private subnet)" [90m-> null[0m[0m
      [31m-[0m[0m egress                 = [] [90m-> null[0m[0m
      [31m-[0m[0m id                     = "sg-0339c207833110197" [90m-> null[0m[0m
      [31m-[0m[0m ingress                = [] [90m-> null[0m[0m
      [31m-[0m[0m name                   = "tkt-dev-ecs-task-sg" [90m-> null[0m[0m
      [31m-[0m[0m owner_id               = "135274608372" [90m-> null[0m[0m
      [31m-[0m[0m revoke_rules_on_delete = false [90m-> null[0m[0m
      [31m-[0m[0m tags                   = {
          [31m-[0m[0m "Name" = "tkt-dev-ecs-task-sg"
        } [90m-> null[0m[0m
      [31m-[0m[0m tags_all               = {
          [31m-[0m[0m "CostCenter"  = "ticketdesk-poc"
          [31m-[0m[0m "Environment" = "dev"
          [31m-[0m[0m "Name"        = "tkt-dev-ecs-task-sg"
          [31m-[0m[0m "Owner"       = "bhumeera"
          [31m-[0m[0m "Project"     = "TicketDesk"
        } [90m-> null[0m[0m
      [31m-[0m[0m vpc_id                 = "vpc-01b99f46108d6395a" [90m-> null[0m[0m
        [90m# (1 unchanged attribute hidden)[0m[0m
    }

[1m  # aws_security_group.rds[0m will be [1m[31mdestroyed[0m
[0m  [31m-[0m[0m resource "aws_security_group" "rds" {
      [31m-[0m[0m arn                    = "arn:aws:ec2:us-east-1:135274608372:security-group/sg-0a67adc1cfb6c8b6d" [90m-> null[0m[0m
      [31m-[0m[0m description            = "TicketDesk PostgreSQL database (private subnet)" [90m-> null[0m[0m
      [31m-[0m[0m egress                 = [] [90m-> null[0m[0m
      [31m-[0m[0m id                     = "sg-0a67adc1cfb6c8b6d" [90m-> null[0m[0m
      [31m-[0m[0m ingress                = [] [90m-> null[0m[0m
      [31m-[0m[0m name                   = "tkt-dev-rds-sg" [90m-> null[0m[0m
      [31m-[0m[0m owner_id               = "135274608372" [90m-> null[0m[0m
      [31m-[0m[0m revoke_rules_on_delete = false [90m-> null[0m[0m
      [31m-[0m[0m tags                   = {
          [31m-[0m[0m "Name" = "tkt-dev-rds-sg"
        } [90m-> null[0m[0m
      [31m-[0m[0m tags_all               = {
          [31m-[0m[0m "CostCenter"  = "ticketdesk-poc"
          [31m-[0m[0m "Environment" = "dev"
          [31m-[0m[0m "Name"        = "tkt-dev-rds-sg"
          [31m-[0m[0m "Owner"       = "bhumeera"
          [31m-[0m[0m "Project"     = "TicketDesk"
        } [90m-> null[0m[0m
      [31m-[0m[0m vpc_id                 = "vpc-01b99f46108d6395a" [90m-> null[0m[0m
        [90m# (1 unchanged attribute hidden)[0m[0m
    }

[1m  # aws_security_group.vpc_endpoints[0m will be [1m[31mdestroyed[0m
[0m  [31m-[0m[0m resource "aws_security_group" "vpc_endpoints" {
      [31m-[0m[0m arn                    = "arn:aws:ec2:us-east-1:135274608372:security-group/sg-02521a4f73582959e" [90m-> null[0m[0m
      [31m-[0m[0m description            = "Interface VPC endpoints (ECR, logs, Secrets Manager, SSM)" [90m-> null[0m[0m
      [31m-[0m[0m egress                 = [] [90m-> null[0m[0m
      [31m-[0m[0m id                     = "sg-02521a4f73582959e" [90m-> null[0m[0m
      [31m-[0m[0m ingress                = [] [90m-> null[0m[0m
      [31m-[0m[0m name                   = "tkt-dev-vpce-sg" [90m-> null[0m[0m
      [31m-[0m[0m owner_id               = "135274608372" [90m-> null[0m[0m
      [31m-[0m[0m revoke_rules_on_delete = false [90m-> null[0m[0m
      [31m-[0m[0m tags                   = {
          [31m-[0m[0m "Name" = "tkt-dev-vpce-sg"
        } [90m-> null[0m[0m
      [31m-[0m[0m tags_all               = {
          [31m-[0m[0m "CostCenter"  = "ticketdesk-poc"
          [31m-[0m[0m "Environment" = "dev"
          [31m-[0m[0m "Name"        = "tkt-dev-vpce-sg"
          [31m-[0m[0m "Owner"       = "bhumeera"
          [31m-[0m[0m "Project"     = "TicketDesk"
        } [90m-> null[0m[0m
      [31m-[0m[0m vpc_id                 = "vpc-01b99f46108d6395a" [90m-> null[0m[0m
        [90m# (1 unchanged attribute hidden)[0m[0m
    }

[1m  # aws_ssm_parameter.attachments_bucket[0m will be [1m[31mdestroyed[0m
[0m  [31m-[0m[0m resource "aws_ssm_parameter" "attachments_bucket" {
      [31m-[0m[0m arn             = "arn:aws:ssm:us-east-1:135274608372:parameter/tkt-dev/app/attachments-bucket" [90m-> null[0m[0m
      [31m-[0m[0m data_type       = "text" [90m-> null[0m[0m
      [31m-[0m[0m id              = "/tkt-dev/app/attachments-bucket" [90m-> null[0m[0m
      [31m-[0m[0m name            = "/tkt-dev/app/attachments-bucket" [90m-> null[0m[0m
      [31m-[0m[0m tags            = {
          [31m-[0m[0m "Name" = "tkt-dev-attachments-bucket"
        } [90m-> null[0m[0m
      [31m-[0m[0m tags_all        = {
          [31m-[0m[0m "CostCenter"  = "ticketdesk-poc"
          [31m-[0m[0m "Environment" = "dev"
          [31m-[0m[0m "Name"        = "tkt-dev-attachments-bucket"
          [31m-[0m[0m "Owner"       = "bhumeera"
          [31m-[0m[0m "Project"     = "TicketDesk"
        } [90m-> null[0m[0m
      [31m-[0m[0m tier            = "Standard" [90m-> null[0m[0m
      [31m-[0m[0m type            = "String" [90m-> null[0m[0m
      [31m-[0m[0m value           = (sensitive value) [90m-> null[0m[0m
      [31m-[0m[0m value_wo        = (write-only attribute) [90m-> null[0m[0m
      [31m-[0m[0m version         = 1 [90m-> null[0m[0m
        [90m# (3 unchanged attributes hidden)[0m[0m
    }

[1m  # aws_ssm_parameter.cors_origins[0m will be [1m[31mdestroyed[0m
[0m  [31m-[0m[0m resource "aws_ssm_parameter" "cors_origins" {
      [31m-[0m[0m arn             = "arn:aws:ssm:us-east-1:135274608372:parameter/tkt-dev/app/cors-origins" [90m-> null[0m[0m
      [31m-[0m[0m data_type       = "text" [90m-> null[0m[0m
      [31m-[0m[0m id              = "/tkt-dev/app/cors-origins" [90m-> null[0m[0m
      [31m-[0m[0m name            = "/tkt-dev/app/cors-origins" [90m-> null[0m[0m
      [31m-[0m[0m tags            = {
          [31m-[0m[0m "Name" = "tkt-dev-cors-origins"
        } [90m-> null[0m[0m
      [31m-[0m[0m tags_all        = {
          [31m-[0m[0m "CostCenter"  = "ticketdesk-poc"
          [31m-[0m[0m "Environment" = "dev"
          [31m-[0m[0m "Name"        = "tkt-dev-cors-origins"
          [31m-[0m[0m "Owner"       = "bhumeera"
          [31m-[0m[0m "Project"     = "TicketDesk"
        } [90m-> null[0m[0m
      [31m-[0m[0m tier            = "Standard" [90m-> null[0m[0m
      [31m-[0m[0m type            = "String" [90m-> null[0m[0m
      [31m-[0m[0m value           = (sensitive value) [90m-> null[0m[0m
      [31m-[0m[0m value_wo        = (write-only attribute) [90m-> null[0m[0m
      [31m-[0m[0m version         = 2 [90m-> null[0m[0m
        [90m# (3 unchanged attributes hidden)[0m[0m
    }

[1m  # aws_ssm_parameter.db_host[0m will be [1m[31mdestroyed[0m
[0m  [31m-[0m[0m resource "aws_ssm_parameter" "db_host" {
      [31m-[0m[0m arn             = "arn:aws:ssm:us-east-1:135274608372:parameter/tkt-dev/db/host" [90m-> null[0m[0m
      [31m-[0m[0m data_type       = "text" [90m-> null[0m[0m
      [31m-[0m[0m id              = "/tkt-dev/db/host" [90m-> null[0m[0m
      [31m-[0m[0m name            = "/tkt-dev/db/host" [90m-> null[0m[0m
      [31m-[0m[0m tags            = {
          [31m-[0m[0m "Name" = "tkt-dev-db-host"
        } [90m-> null[0m[0m
      [31m-[0m[0m tags_all        = {
          [31m-[0m[0m "CostCenter"  = "ticketdesk-poc"
          [31m-[0m[0m "Environment" = "dev"
          [31m-[0m[0m "Name"        = "tkt-dev-db-host"
          [31m-[0m[0m "Owner"       = "bhumeera"
          [31m-[0m[0m "Project"     = "TicketDesk"
        } [90m-> null[0m[0m
      [31m-[0m[0m tier            = "Standard" [90m-> null[0m[0m
      [31m-[0m[0m type            = "String" [90m-> null[0m[0m
      [31m-[0m[0m value           = (sensitive value) [90m-> null[0m[0m
      [31m-[0m[0m value_wo        = (write-only attribute) [90m-> null[0m[0m
      [31m-[0m[0m version         = 1 [90m-> null[0m[0m
        [90m# (3 unchanged attributes hidden)[0m[0m
    }

[1m  # aws_ssm_parameter.db_name[0m will be [1m[31mdestroyed[0m
[0m  [31m-[0m[0m resource "aws_ssm_parameter" "db_name" {
      [31m-[0m[0m arn             = "arn:aws:ssm:us-east-1:135274608372:parameter/tkt-dev/db/name" [90m-> null[0m[0m
      [31m-[0m[0m data_type       = "text" [90m-> null[0m[0m
      [31m-[0m[0m id              = "/tkt-dev/db/name" [90m-> null[0m[0m
      [31m-[0m[0m name            = "/tkt-dev/db/name" [90m-> null[0m[0m
      [31m-[0m[0m tags            = {
          [31m-[0m[0m "Name" = "tkt-dev-db-name"
        } [90m-> null[0m[0m
      [31m-[0m[0m tags_all        = {
          [31m-[0m[0m "CostCenter"  = "ticketdesk-poc"
          [31m-[0m[0m "Environment" = "dev"
          [31m-[0m[0m "Name"        = "tkt-dev-db-name"
          [31m-[0m[0m "Owner"       = "bhumeera"
          [31m-[0m[0m "Project"     = "TicketDesk"
        } [90m-> null[0m[0m
      [31m-[0m[0m tier            = "Standard" [90m-> null[0m[0m
      [31m-[0m[0m type            = "String" [90m-> null[0m[0m
      [31m-[0m[0m value           = (sensitive value) [90m-> null[0m[0m
      [31m-[0m[0m value_wo        = (write-only attribute) [90m-> null[0m[0m
      [31m-[0m[0m version         = 1 [90m-> null[0m[0m
        [90m# (3 unchanged attributes hidden)[0m[0m
    }

[1m  # aws_ssm_parameter.db_port[0m will be [1m[31mdestroyed[0m
[0m  [31m-[0m[0m resource "aws_ssm_parameter" "db_port" {
      [31m-[0m[0m arn             = "arn:aws:ssm:us-east-1:135274608372:parameter/tkt-dev/db/port" [90m-> null[0m[0m
      [31m-[0m[0m data_type       = "text" [90m-> null[0m[0m
      [31m-[0m[0m id              = "/tkt-dev/db/port" [90m-> null[0m[0m
      [31m-[0m[0m name            = "/tkt-dev/db/port" [90m-> null[0m[0m
      [31m-[0m[0m tags            = {
          [31m-[0m[0m "Name" = "tkt-dev-db-port"
        } [90m-> null[0m[0m
      [31m-[0m[0m tags_all        = {
          [31m-[0m[0m "CostCenter"  = "ticketdesk-poc"
          [31m-[0m[0m "Environment" = "dev"
          [31m-[0m[0m "Name"        = "tkt-dev-db-port"
          [31m-[0m[0m "Owner"       = "bhumeera"
          [31m-[0m[0m "Project"     = "TicketDesk"
        } [90m-> null[0m[0m
      [31m-[0m[0m tier            = "Standard" [90m-> null[0m[0m
      [31m-[0m[0m type            = "String" [90m-> null[0m[0m
      [31m-[0m[0m value           = (sensitive value) [90m-> null[0m[0m
      [31m-[0m[0m value_wo        = (write-only attribute) [90m-> null[0m[0m
      [31m-[0m[0m version         = 1 [90m-> null[0m[0m
        [90m# (3 unchanged attributes hidden)[0m[0m
    }

[1m  # aws_ssm_parameter.db_user[0m will be [1m[31mdestroyed[0m
[0m  [31m-[0m[0m resource "aws_ssm_parameter" "db_user" {
      [31m-[0m[0m arn             = "arn:aws:ssm:us-east-1:135274608372:parameter/tkt-dev/db/username" [90m-> null[0m[0m
      [31m-[0m[0m data_type       = "text" [90m-> null[0m[0m
      [31m-[0m[0m id              = "/tkt-dev/db/username" [90m-> null[0m[0m
      [31m-[0m[0m name            = "/tkt-dev/db/username" [90m-> null[0m[0m
      [31m-[0m[0m tags            = {
          [31m-[0m[0m "Name" = "tkt-dev-db-username"
        } [90m-> null[0m[0m
      [31m-[0m[0m tags_all        = {
          [31m-[0m[0m "CostCenter"  = "ticketdesk-poc"
          [31m-[0m[0m "Environment" = "dev"
          [31m-[0m[0m "Name"        = "tkt-dev-db-username"
          [31m-[0m[0m "Owner"       = "bhumeera"
          [31m-[0m[0m "Project"     = "TicketDesk"
        } [90m-> null[0m[0m
      [31m-[0m[0m tier            = "Standard" [90m-> null[0m[0m
      [31m-[0m[0m type            = "String" [90m-> null[0m[0m
      [31m-[0m[0m value           = (sensitive value) [90m-> null[0m[0m
      [31m-[0m[0m value_wo        = (write-only attribute) [90m-> null[0m[0m
      [31m-[0m[0m version         = 1 [90m-> null[0m[0m
        [90m# (3 unchanged attributes hidden)[0m[0m
    }

[1m  # aws_subnet.private[0][0m will be [1m[31mdestroyed[0m
[0m  [31m-[0m[0m resource "aws_subnet" "private" {
      [31m-[0m[0m arn                                            = "arn:aws:ec2:us-east-1:135274608372:subnet/subnet-06bb231120436c506" [90m-> null[0m[0m
      [31m-[0m[0m assign_ipv6_address_on_creation                = false [90m-> null[0m[0m
      [31m-[0m[0m availability_zone                              = "us-east-1a" [90m-> null[0m[0m
      [31m-[0m[0m availability_zone_id                           = "use1-az1" [90m-> null[0m[0m
      [31m-[0m[0m cidr_block                                     = "10.20.10.0/24" [90m-> null[0m[0m
      [31m-[0m[0m enable_dns64                                   = false [90m-> null[0m[0m
      [31m-[0m[0m enable_lni_at_device_index                     = 0 [90m-> null[0m[0m
      [31m-[0m[0m enable_resource_name_dns_a_record_on_launch    = false [90m-> null[0m[0m
      [31m-[0m[0m enable_resource_name_dns_aaaa_record_on_launch = false [90m-> null[0m[0m
      [31m-[0m[0m id                                             = "subnet-06bb231120436c506" [90m-> null[0m[0m
      [31m-[0m[0m ipv6_native                                    = false [90m-> null[0m[0m
      [31m-[0m[0m map_customer_owned_ip_on_launch                = false [90m-> null[0m[0m
      [31m-[0m[0m map_public_ip_on_launch                        = false [90m-> null[0m[0m
      [31m-[0m[0m owner_id                                       = "135274608372" [90m-> null[0m[0m
      [31m-[0m[0m private_dns_hostname_type_on_launch            = "ip-name" [90m-> null[0m[0m
      [31m-[0m[0m tags                                           = {
          [31m-[0m[0m "Name" = "tkt-dev-private-0"
        } [90m-> null[0m[0m
      [31m-[0m[0m tags_all                                       = {
          [31m-[0m[0m "CostCenter"  = "ticketdesk-poc"
          [31m-[0m[0m "Environment" = "dev"
          [31m-[0m[0m "Name"        = "tkt-dev-private-0"
          [31m-[0m[0m "Owner"       = "bhumeera"
          [31m-[0m[0m "Project"     = "TicketDesk"
        } [90m-> null[0m[0m
      [31m-[0m[0m vpc_id                                         = "vpc-01b99f46108d6395a" [90m-> null[0m[0m
        [90m# (4 unchanged attributes hidden)[0m[0m
    }

[1m  # aws_subnet.private[1][0m will be [1m[31mdestroyed[0m
[0m  [31m-[0m[0m resource "aws_subnet" "private" {
      [31m-[0m[0m arn                                            = "arn:aws:ec2:us-east-1:135274608372:subnet/subnet-0ab46fd75446f63ce" [90m-> null[0m[0m
      [31m-[0m[0m assign_ipv6_address_on_creation                = false [90m-> null[0m[0m
      [31m-[0m[0m availability_zone                              = "us-east-1b" [90m-> null[0m[0m
      [31m-[0m[0m availability_zone_id                           = "use1-az2" [90m-> null[0m[0m
      [31m-[0m[0m cidr_block                                     = "10.20.11.0/24" [90m-> null[0m[0m
      [31m-[0m[0m enable_dns64                                   = false [90m-> null[0m[0m
      [31m-[0m[0m enable_lni_at_device_index                     = 0 [90m-> null[0m[0m
      [31m-[0m[0m enable_resource_name_dns_a_record_on_launch    = false [90m-> null[0m[0m
      [31m-[0m[0m enable_resource_name_dns_aaaa_record_on_launch = false [90m-> null[0m[0m
      [31m-[0m[0m id                                             = "subnet-0ab46fd75446f63ce" [90m-> null[0m[0m
      [31m-[0m[0m ipv6_native                                    = false [90m-> null[0m[0m
      [31m-[0m[0m map_customer_owned_ip_on_launch                = false [90m-> null[0m[0m
      [31m-[0m[0m map_public_ip_on_launch                        = false [90m-> null[0m[0m
      [31m-[0m[0m owner_id                                       = "135274608372" [90m-> null[0m[0m
      [31m-[0m[0m private_dns_hostname_type_on_launch            = "ip-name" [90m-> null[0m[0m
      [31m-[0m[0m tags                                           = {
          [31m-[0m[0m "Name" = "tkt-dev-private-1"
        } [90m-> null[0m[0m
      [31m-[0m[0m tags_all                                       = {
          [31m-[0m[0m "CostCenter"  = "ticketdesk-poc"
          [31m-[0m[0m "Environment" = "dev"
          [31m-[0m[0m "Name"        = "tkt-dev-private-1"
          [31m-[0m[0m "Owner"       = "bhumeera"
          [31m-[0m[0m "Project"     = "TicketDesk"
        } [90m-> null[0m[0m
      [31m-[0m[0m vpc_id                                         = "vpc-01b99f46108d6395a" [90m-> null[0m[0m
        [90m# (4 unchanged attributes hidden)[0m[0m
    }

[1m  # aws_subnet.public[0][0m will be [1m[31mdestroyed[0m
[0m  [31m-[0m[0m resource "aws_subnet" "public" {
      [31m-[0m[0m arn                                            = "arn:aws:ec2:us-east-1:135274608372:subnet/subnet-07e5914b5c891d3f0" [90m-> null[0m[0m
      [31m-[0m[0m assign_ipv6_address_on_creation                = false [90m-> null[0m[0m
      [31m-[0m[0m availability_zone                              = "us-east-1a" [90m-> null[0m[0m
      [31m-[0m[0m availability_zone_id                           = "use1-az1" [90m-> null[0m[0m
      [31m-[0m[0m cidr_block                                     = "10.20.0.0/24" [90m-> null[0m[0m
      [31m-[0m[0m enable_dns64                                   = false [90m-> null[0m[0m
      [31m-[0m[0m enable_lni_at_device_index                     = 0 [90m-> null[0m[0m
      [31m-[0m[0m enable_resource_name_dns_a_record_on_launch    = false [90m-> null[0m[0m
      [31m-[0m[0m enable_resource_name_dns_aaaa_record_on_launch = false [90m-> null[0m[0m
      [31m-[0m[0m id                                             = "subnet-07e5914b5c891d3f0" [90m-> null[0m[0m
      [31m-[0m[0m ipv6_native                                    = false [90m-> null[0m[0m
      [31m-[0m[0m map_customer_owned_ip_on_launch                = false [90m-> null[0m[0m
      [31m-[0m[0m map_public_ip_on_launch                        = true [90m-> null[0m[0m
      [31m-[0m[0m owner_id                                       = "135274608372" [90m-> null[0m[0m
      [31m-[0m[0m private_dns_hostname_type_on_launch            = "ip-name" [90m-> null[0m[0m
      [31m-[0m[0m tags                                           = {
          [31m-[0m[0m "Name" = "tkt-dev-public-0"
        } [90m-> null[0m[0m
      [31m-[0m[0m tags_all                                       = {
          [31m-[0m[0m "CostCenter"  = "ticketdesk-poc"
          [31m-[0m[0m "Environment" = "dev"
          [31m-[0m[0m "Name"        = "tkt-dev-public-0"
          [31m-[0m[0m "Owner"       = "bhumeera"
          [31m-[0m[0m "Project"     = "TicketDesk"
        } [90m-> null[0m[0m
      [31m-[0m[0m vpc_id                                         = "vpc-01b99f46108d6395a" [90m-> null[0m[0m
        [90m# (4 unchanged attributes hidden)[0m[0m
    }

[1m  # aws_subnet.public[1][0m will be [1m[31mdestroyed[0m
[0m  [31m-[0m[0m resource "aws_subnet" "public" {
      [31m-[0m[0m arn                                            = "arn:aws:ec2:us-east-1:135274608372:subnet/subnet-0c36c916321da561c" [90m-> null[0m[0m
      [31m-[0m[0m assign_ipv6_address_on_creation                = false [90m-> null[0m[0m
      [31m-[0m[0m availability_zone                              = "us-east-1b" [90m-> null[0m[0m
      [31m-[0m[0m availability_zone_id                           = "use1-az2" [90m-> null[0m[0m
      [31m-[0m[0m cidr_block                                     = "10.20.1.0/24" [90m-> null[0m[0m
      [31m-[0m[0m enable_dns64                                   = false [90m-> null[0m[0m
      [31m-[0m[0m enable_lni_at_device_index                     = 0 [90m-> null[0m[0m
      [31m-[0m[0m enable_resource_name_dns_a_record_on_launch    = false [90m-> null[0m[0m
      [31m-[0m[0m enable_resource_name_dns_aaaa_record_on_launch = false [90m-> null[0m[0m
      [31m-[0m[0m id                                             = "subnet-0c36c916321da561c" [90m-> null[0m[0m
      [31m-[0m[0m ipv6_native                                    = false [90m-> null[0m[0m
      [31m-[0m[0m map_customer_owned_ip_on_launch                = false [90m-> null[0m[0m
      [31m-[0m[0m map_public_ip_on_launch                        = true [90m-> null[0m[0m
      [31m-[0m[0m owner_id                                       = "135274608372" [90m-> null[0m[0m
      [31m-[0m[0m private_dns_hostname_type_on_launch            = "ip-name" [90m-> null[0m[0m
      [31m-[0m[0m tags                                           = {
          [31m-[0m[0m "Name" = "tkt-dev-public-1"
        } [90m-> null[0m[0m
      [31m-[0m[0m tags_all                                       = {
          [31m-[0m[0m "CostCenter"  = "ticketdesk-poc"
          [31m-[0m[0m "Environment" = "dev"
          [31m-[0m[0m "Name"        = "tkt-dev-public-1"
          [31m-[0m[0m "Owner"       = "bhumeera"
          [31m-[0m[0m "Project"     = "TicketDesk"
        } [90m-> null[0m[0m
      [31m-[0m[0m vpc_id                                         = "vpc-01b99f46108d6395a" [90m-> null[0m[0m
        [90m# (4 unchanged attributes hidden)[0m[0m
    }

[1m  # aws_vpc.main[0m will be [1m[31mdestroyed[0m
[0m  [31m-[0m[0m resource "aws_vpc" "main" {
      [31m-[0m[0m arn                                  = "arn:aws:ec2:us-east-1:135274608372:vpc/vpc-01b99f46108d6395a" [90m-> null[0m[0m
      [31m-[0m[0m assign_generated_ipv6_cidr_block     = false [90m-> null[0m[0m
      [31m-[0m[0m cidr_block                           = "10.20.0.0/16" [90m-> null[0m[0m
      [31m-[0m[0m default_network_acl_id               = "acl-0fa4f3db784aa787b" [90m-> null[0m[0m
      [31m-[0m[0m default_route_table_id               = "rtb-068dedec037841f04" [90m-> null[0m[0m
      [31m-[0m[0m default_security_group_id            = "sg-0d3a6dcfb7a0f580d" [90m-> null[0m[0m
      [31m-[0m[0m dhcp_options_id                      = "dopt-052e9726c67113e6d" [90m-> null[0m[0m
      [31m-[0m[0m enable_dns_hostnames                 = true [90m-> null[0m[0m
      [31m-[0m[0m enable_dns_support                   = true [90m-> null[0m[0m
      [31m-[0m[0m enable_network_address_usage_metrics = false [90m-> null[0m[0m
      [31m-[0m[0m id                                   = "vpc-01b99f46108d6395a" [90m-> null[0m[0m
      [31m-[0m[0m instance_tenancy                     = "default" [90m-> null[0m[0m
      [31m-[0m[0m ipv6_netmask_length                  = 0 [90m-> null[0m[0m
      [31m-[0m[0m main_route_table_id                  = "rtb-068dedec037841f04" [90m-> null[0m[0m
      [31m-[0m[0m owner_id                             = "135274608372" [90m-> null[0m[0m
      [31m-[0m[0m tags                                 = {
          [31m-[0m[0m "Name" = "tkt-dev-vpc"
        } [90m-> null[0m[0m
      [31m-[0m[0m tags_all                             = {
          [31m-[0m[0m "CostCenter"  = "ticketdesk-poc"
          [31m-[0m[0m "Environment" = "dev"
          [31m-[0m[0m "Name"        = "tkt-dev-vpc"
          [31m-[0m[0m "Owner"       = "bhumeera"
          [31m-[0m[0m "Project"     = "TicketDesk"
        } [90m-> null[0m[0m
        [90m# (4 unchanged attributes hidden)[0m[0m
    }

[1m  # aws_vpc_endpoint.interface["ecr_api"][0m will be [1m[31mdestroyed[0m
[0m  [31m-[0m[0m resource "aws_vpc_endpoint" "interface" {
      [31m-[0m[0m arn                        = "arn:aws:ec2:us-east-1:135274608372:vpc-endpoint/vpce-005d4255eb00fe356" [90m-> null[0m[0m
      [31m-[0m[0m cidr_blocks                = [] [90m-> null[0m[0m
      [31m-[0m[0m dns_entry                  = [
          [31m-[0m[0m {
              [31m-[0m[0m dns_name       = "vpce-005d4255eb00fe356-n37hzw5b.api.ecr.us-east-1.vpce.amazonaws.com"
              [31m-[0m[0m hosted_zone_id = "Z7HUB22UULQXV"
            },
          [31m-[0m[0m {
              [31m-[0m[0m dns_name       = "vpce-005d4255eb00fe356-n37hzw5b-us-east-1a.api.ecr.us-east-1.vpce.amazonaws.com"
              [31m-[0m[0m hosted_zone_id = "Z7HUB22UULQXV"
            },
          [31m-[0m[0m {
              [31m-[0m[0m dns_name       = "api.ecr.us-east-1.amazonaws.com"
              [31m-[0m[0m hosted_zone_id = "Z06625781QT81ZDNIZWE3"
            },
          [31m-[0m[0m {
              [31m-[0m[0m dns_name       = "ecr.us-east-1.api.aws"
              [31m-[0m[0m hosted_zone_id = "Z06613482AIW62QKV4I6T"
            },
        ] [90m-> null[0m[0m
      [31m-[0m[0m id                         = "vpce-005d4255eb00fe356" [90m-> null[0m[0m
      [31m-[0m[0m ip_address_type            = "ipv4" [90m-> null[0m[0m
      [31m-[0m[0m network_interface_ids      = [
          [31m-[0m[0m "eni-08009a40601cfdcb1",
        ] [90m-> null[0m[0m
      [31m-[0m[0m owner_id                   = "135274608372" [90m-> null[0m[0m
      [31m-[0m[0m policy                     = jsonencode(
            {
              [31m-[0m[0m Statement = [
                  [31m-[0m[0m {
                      [31m-[0m[0m Action    = "*"
                      [31m-[0m[0m Effect    = "Allow"
                      [31m-[0m[0m Principal = "*"
                      [31m-[0m[0m Resource  = "*"
                    },
                ]
            }
        ) [90m-> null[0m[0m
      [31m-[0m[0m private_dns_enabled        = true [90m-> null[0m[0m
      [31m-[0m[0m requester_managed          = false [90m-> null[0m[0m
      [31m-[0m[0m route_table_ids            = [] [90m-> null[0m[0m
      [31m-[0m[0m security_group_ids         = [
          [31m-[0m[0m "sg-02521a4f73582959e",
        ] [90m-> null[0m[0m
      [31m-[0m[0m service_name               = "com.amazonaws.us-east-1.ecr.api" [90m-> null[0m[0m
      [31m-[0m[0m service_region             = "us-east-1" [90m-> null[0m[0m
      [31m-[0m[0m state                      = "available" [90m-> null[0m[0m
      [31m-[0m[0m subnet_ids                 = [
          [31m-[0m[0m "subnet-06bb231120436c506",
        ] [90m-> null[0m[0m
      [31m-[0m[0m tags                       = {
          [31m-[0m[0m "Name" = "tkt-dev-ecr_api-endpoint"
        } [90m-> null[0m[0m
      [31m-[0m[0m tags_all                   = {
          [31m-[0m[0m "CostCenter"  = "ticketdesk-poc"
          [31m-[0m[0m "Environment" = "dev"
          [31m-[0m[0m "Name"        = "tkt-dev-ecr_api-endpoint"
          [31m-[0m[0m "Owner"       = "bhumeera"
          [31m-[0m[0m "Project"     = "TicketDesk"
        } [90m-> null[0m[0m
      [31m-[0m[0m vpc_endpoint_type          = "Interface" [90m-> null[0m[0m
      [31m-[0m[0m vpc_id                     = "vpc-01b99f46108d6395a" [90m-> null[0m[0m
        [90m# (2 unchanged attributes hidden)[0m[0m

      [31m-[0m[0m dns_options {
          [31m-[0m[0m dns_record_ip_type                             = "ipv4" [90m-> null[0m[0m
          [31m-[0m[0m private_dns_only_for_inbound_resolver_endpoint = false [90m-> null[0m[0m
        }

      [31m-[0m[0m subnet_configuration {
          [31m-[0m[0m ipv4      = "10.20.10.14" [90m-> null[0m[0m
          [31m-[0m[0m subnet_id = "subnet-06bb231120436c506" [90m-> null[0m[0m
            [90m# (1 unchanged attribute hidden)[0m[0m
        }
    }

[1m  # aws_vpc_endpoint.interface["ecr_dkr"][0m will be [1m[31mdestroyed[0m
[0m  [31m-[0m[0m resource "aws_vpc_endpoint" "interface" {
      [31m-[0m[0m arn                        = "arn:aws:ec2:us-east-1:135274608372:vpc-endpoint/vpce-003f9484bdb2fec5c" [90m-> null[0m[0m
      [31m-[0m[0m cidr_blocks                = [] [90m-> null[0m[0m
      [31m-[0m[0m dns_entry                  = [
          [31m-[0m[0m {
              [31m-[0m[0m dns_name       = "vpce-003f9484bdb2fec5c-j3eo02yq.dkr.ecr.us-east-1.vpce.amazonaws.com"
              [31m-[0m[0m hosted_zone_id = "Z7HUB22UULQXV"
            },
          [31m-[0m[0m {
              [31m-[0m[0m dns_name       = "vpce-003f9484bdb2fec5c-j3eo02yq-us-east-1a.dkr.ecr.us-east-1.vpce.amazonaws.com"
              [31m-[0m[0m hosted_zone_id = "Z7HUB22UULQXV"
            },
          [31m-[0m[0m {
              [31m-[0m[0m dns_name       = "dkr.ecr.us-east-1.amazonaws.com"
              [31m-[0m[0m hosted_zone_id = "Z074390931KE633NTH226"
            },
          [31m-[0m[0m {
              [31m-[0m[0m dns_name       = "*.dkr.ecr.us-east-1.amazonaws.com"
              [31m-[0m[0m hosted_zone_id = "Z074390931KE633NTH226"
            },
          [31m-[0m[0m {
              [31m-[0m[0m dns_name       = "dkr-ecr.us-east-1.on.aws"
              [31m-[0m[0m hosted_zone_id = "Z02421132QDN18QGBB3AA"
            },
          [31m-[0m[0m {
              [31m-[0m[0m dns_name       = "*.dkr-ecr.us-east-1.on.aws"
              [31m-[0m[0m hosted_zone_id = "Z02421132QDN18QGBB3AA"
            },
        ] [90m-> null[0m[0m
      [31m-[0m[0m id                         = "vpce-003f9484bdb2fec5c" [90m-> null[0m[0m
      [31m-[0m[0m ip_address_type            = "ipv4" [90m-> null[0m[0m
      [31m-[0m[0m network_interface_ids      = [
          [31m-[0m[0m "eni-06a376000a9a073bb",
        ] [90m-> null[0m[0m
      [31m-[0m[0m owner_id                   = "135274608372" [90m-> null[0m[0m
      [31m-[0m[0m policy                     = jsonencode(
            {
              [31m-[0m[0m Statement = [
                  [31m-[0m[0m {
                      [31m-[0m[0m Action    = "*"
                      [31m-[0m[0m Effect    = "Allow"
                      [31m-[0m[0m Principal = "*"
                      [31m-[0m[0m Resource  = "*"
                    },
                ]
            }
        ) [90m-> null[0m[0m
      [31m-[0m[0m private_dns_enabled        = true [90m-> null[0m[0m
      [31m-[0m[0m requester_managed          = false [90m-> null[0m[0m
      [31m-[0m[0m route_table_ids            = [] [90m-> null[0m[0m
      [31m-[0m[0m security_group_ids         = [
          [31m-[0m[0m "sg-02521a4f73582959e",
        ] [90m-> null[0m[0m
      [31m-[0m[0m service_name               = "com.amazonaws.us-east-1.ecr.dkr" [90m-> null[0m[0m
      [31m-[0m[0m service_region             = "us-east-1" [90m-> null[0m[0m
      [31m-[0m[0m state                      = "available" [90m-> null[0m[0m
      [31m-[0m[0m subnet_ids                 = [
          [31m-[0m[0m "subnet-06bb231120436c506",
        ] [90m-> null[0m[0m
      [31m-[0m[0m tags                       = {
          [31m-[0m[0m "Name" = "tkt-dev-ecr_dkr-endpoint"
        } [90m-> null[0m[0m
      [31m-[0m[0m tags_all                   = {
          [31m-[0m[0m "CostCenter"  = "ticketdesk-poc"
          [31m-[0m[0m "Environment" = "dev"
          [31m-[0m[0m "Name"        = "tkt-dev-ecr_dkr-endpoint"
          [31m-[0m[0m "Owner"       = "bhumeera"
          [31m-[0m[0m "Project"     = "TicketDesk"
        } [90m-> null[0m[0m
      [31m-[0m[0m vpc_endpoint_type          = "Interface" [90m-> null[0m[0m
      [31m-[0m[0m vpc_id                     = "vpc-01b99f46108d6395a" [90m-> null[0m[0m
        [90m# (2 unchanged attributes hidden)[0m[0m

      [31m-[0m[0m dns_options {
          [31m-[0m[0m dns_record_ip_type                             = "ipv4" [90m-> null[0m[0m
          [31m-[0m[0m private_dns_only_for_inbound_resolver_endpoint = false [90m-> null[0m[0m
        }

      [31m-[0m[0m subnet_configuration {
          [31m-[0m[0m ipv4      = "10.20.10.132" [90m-> null[0m[0m
          [31m-[0m[0m subnet_id = "subnet-06bb231120436c506" [90m-> null[0m[0m
            [90m# (1 unchanged attribute hidden)[0m[0m
        }
    }

[1m  # aws_vpc_endpoint.interface["logs"][0m will be [1m[31mdestroyed[0m
[0m  [31m-[0m[0m resource "aws_vpc_endpoint" "interface" {
      [31m-[0m[0m arn                        = "arn:aws:ec2:us-east-1:135274608372:vpc-endpoint/vpce-0aab83280717a8f55" [90m-> null[0m[0m
      [31m-[0m[0m cidr_blocks                = [] [90m-> null[0m[0m
      [31m-[0m[0m dns_entry                  = [
          [31m-[0m[0m {
              [31m-[0m[0m dns_name       = "vpce-0aab83280717a8f55-idovdqzm.logs.us-east-1.vpce.amazonaws.com"
              [31m-[0m[0m hosted_zone_id = "Z7HUB22UULQXV"
            },
          [31m-[0m[0m {
              [31m-[0m[0m dns_name       = "vpce-0aab83280717a8f55-idovdqzm-us-east-1a.logs.us-east-1.vpce.amazonaws.com"
              [31m-[0m[0m hosted_zone_id = "Z7HUB22UULQXV"
            },
          [31m-[0m[0m {
              [31m-[0m[0m dns_name       = "logs.us-east-1.amazonaws.com"
              [31m-[0m[0m hosted_zone_id = "Z06609092HK521SGNX46O"
            },
          [31m-[0m[0m {
              [31m-[0m[0m dns_name       = "streaming-logs.us-east-1.amazonaws.com"
              [31m-[0m[0m hosted_zone_id = "Z024302717BBXSFGRECO0"
            },
          [31m-[0m[0m {
              [31m-[0m[0m dns_name       = "streaming-logs.us-east-1.api.aws"
              [31m-[0m[0m hosted_zone_id = "Z02425511ZRQ83DY2380D"
            },
          [31m-[0m[0m {
              [31m-[0m[0m dns_name       = "logs.us-east-1.api.aws"
              [31m-[0m[0m hosted_zone_id = "Z07437062IG55IOHDF4II"
            },
        ] [90m-> null[0m[0m
      [31m-[0m[0m id                         = "vpce-0aab83280717a8f55" [90m-> null[0m[0m
      [31m-[0m[0m ip_address_type            = "ipv4" [90m-> null[0m[0m
      [31m-[0m[0m network_interface_ids      = [
          [31m-[0m[0m "eni-0d8b6cb1049068d0b",
        ] [90m-> null[0m[0m
      [31m-[0m[0m owner_id                   = "135274608372" [90m-> null[0m[0m
      [31m-[0m[0m policy                     = jsonencode(
            {
              [31m-[0m[0m Statement = [
                  [31m-[0m[0m {
                      [31m-[0m[0m Action    = "*"
                      [31m-[0m[0m Effect    = "Allow"
                      [31m-[0m[0m Principal = "*"
                      [31m-[0m[0m Resource  = "*"
                    },
                ]
            }
        ) [90m-> null[0m[0m
      [31m-[0m[0m private_dns_enabled        = true [90m-> null[0m[0m
      [31m-[0m[0m requester_managed          = false [90m-> null[0m[0m
      [31m-[0m[0m route_table_ids            = [] [90m-> null[0m[0m
      [31m-[0m[0m security_group_ids         = [
          [31m-[0m[0m "sg-02521a4f73582959e",
        ] [90m-> null[0m[0m
      [31m-[0m[0m service_name               = "com.amazonaws.us-east-1.logs" [90m-> null[0m[0m
      [31m-[0m[0m service_region             = "us-east-1" [90m-> null[0m[0m
      [31m-[0m[0m state                      = "available" [90m-> null[0m[0m
      [31m-[0m[0m subnet_ids                 = [
          [31m-[0m[0m "subnet-06bb231120436c506",
        ] [90m-> null[0m[0m
      [31m-[0m[0m tags                       = {
          [31m-[0m[0m "Name" = "tkt-dev-logs-endpoint"
        } [90m-> null[0m[0m
      [31m-[0m[0m tags_all                   = {
          [31m-[0m[0m "CostCenter"  = "ticketdesk-poc"
          [31m-[0m[0m "Environment" = "dev"
          [31m-[0m[0m "Name"        = "tkt-dev-logs-endpoint"
          [31m-[0m[0m "Owner"       = "bhumeera"
          [31m-[0m[0m "Project"     = "TicketDesk"
        } [90m-> null[0m[0m
      [31m-[0m[0m vpc_endpoint_type          = "Interface" [90m-> null[0m[0m
      [31m-[0m[0m vpc_id                     = "vpc-01b99f46108d6395a" [90m-> null[0m[0m
        [90m# (2 unchanged attributes hidden)[0m[0m

      [31m-[0m[0m dns_options {
          [31m-[0m[0m dns_record_ip_type                             = "ipv4" [90m-> null[0m[0m
          [31m-[0m[0m private_dns_only_for_inbound_resolver_endpoint = false [90m-> null[0m[0m
        }

      [31m-[0m[0m subnet_configuration {
          [31m-[0m[0m ipv4      = "10.20.10.199" [90m-> null[0m[0m
          [31m-[0m[0m subnet_id = "subnet-06bb231120436c506" [90m-> null[0m[0m
            [90m# (1 unchanged attribute hidden)[0m[0m
        }
    }

[1m  # aws_vpc_endpoint.interface["secretsmanager"][0m will be [1m[31mdestroyed[0m
[0m  [31m-[0m[0m resource "aws_vpc_endpoint" "interface" {
      [31m-[0m[0m arn                        = "arn:aws:ec2:us-east-1:135274608372:vpc-endpoint/vpce-050f136ad96d7adac" [90m-> null[0m[0m
      [31m-[0m[0m cidr_blocks                = [] [90m-> null[0m[0m
      [31m-[0m[0m dns_entry                  = [
          [31m-[0m[0m {
              [31m-[0m[0m dns_name       = "vpce-050f136ad96d7adac-cpof468b.secretsmanager.us-east-1.vpce.amazonaws.com"
              [31m-[0m[0m hosted_zone_id = "Z7HUB22UULQXV"
            },
          [31m-[0m[0m {
              [31m-[0m[0m dns_name       = "vpce-050f136ad96d7adac-cpof468b-us-east-1a.secretsmanager.us-east-1.vpce.amazonaws.com"
              [31m-[0m[0m hosted_zone_id = "Z7HUB22UULQXV"
            },
          [31m-[0m[0m {
              [31m-[0m[0m dns_name       = "secretsmanager.us-east-1.amazonaws.com"
              [31m-[0m[0m hosted_zone_id = "Z066090011V9B49Q9EHM7"
            },
        ] [90m-> null[0m[0m
      [31m-[0m[0m id                         = "vpce-050f136ad96d7adac" [90m-> null[0m[0m
      [31m-[0m[0m ip_address_type            = "ipv4" [90m-> null[0m[0m
      [31m-[0m[0m network_interface_ids      = [
          [31m-[0m[0m "eni-062e7ba7085adfb49",
        ] [90m-> null[0m[0m
      [31m-[0m[0m owner_id                   = "135274608372" [90m-> null[0m[0m
      [31m-[0m[0m policy                     = jsonencode(
            {
              [31m-[0m[0m Statement = [
                  [31m-[0m[0m {
                      [31m-[0m[0m Action    = "*"
                      [31m-[0m[0m Effect    = "Allow"
                      [31m-[0m[0m Principal = "*"
                      [31m-[0m[0m Resource  = "*"
                    },
                ]
            }
        ) [90m-> null[0m[0m
      [31m-[0m[0m private_dns_enabled        = true [90m-> null[0m[0m
      [31m-[0m[0m requester_managed          = false [90m-> null[0m[0m
      [31m-[0m[0m route_table_ids            = [] [90m-> null[0m[0m
      [31m-[0m[0m security_group_ids         = [
          [31m-[0m[0m "sg-02521a4f73582959e",
        ] [90m-> null[0m[0m
      [31m-[0m[0m service_name               = "com.amazonaws.us-east-1.secretsmanager" [90m-> null[0m[0m
      [31m-[0m[0m service_region             = "us-east-1" [90m-> null[0m[0m
      [31m-[0m[0m state                      = "available" [90m-> null[0m[0m
      [31m-[0m[0m subnet_ids                 = [
          [31m-[0m[0m "subnet-06bb231120436c506",
        ] [90m-> null[0m[0m
      [31m-[0m[0m tags                       = {
          [31m-[0m[0m "Name" = "tkt-dev-secretsmanager-endpoint"
        } [90m-> null[0m[0m
      [31m-[0m[0m tags_all                   = {
          [31m-[0m[0m "CostCenter"  = "ticketdesk-poc"
          [31m-[0m[0m "Environment" = "dev"
          [31m-[0m[0m "Name"        = "tkt-dev-secretsmanager-endpoint"
          [31m-[0m[0m "Owner"       = "bhumeera"
          [31m-[0m[0m "Project"     = "TicketDesk"
        } [90m-> null[0m[0m
      [31m-[0m[0m vpc_endpoint_type          = "Interface" [90m-> null[0m[0m
      [31m-[0m[0m vpc_id                     = "vpc-01b99f46108d6395a" [90m-> null[0m[0m
        [90m# (2 unchanged attributes hidden)[0m[0m

      [31m-[0m[0m dns_options {
          [31m-[0m[0m dns_record_ip_type                             = "ipv4" [90m-> null[0m[0m
          [31m-[0m[0m private_dns_only_for_inbound_resolver_endpoint = false [90m-> null[0m[0m
        }

      [31m-[0m[0m subnet_configuration {
          [31m-[0m[0m ipv4      = "10.20.10.46" [90m-> null[0m[0m
          [31m-[0m[0m subnet_id = "subnet-06bb231120436c506" [90m-> null[0m[0m
            [90m# (1 unchanged attribute hidden)[0m[0m
        }
    }

[1m  # aws_vpc_endpoint.interface["ssm"][0m will be [1m[31mdestroyed[0m
[0m  [31m-[0m[0m resource "aws_vpc_endpoint" "interface" {
      [31m-[0m[0m arn                        = "arn:aws:ec2:us-east-1:135274608372:vpc-endpoint/vpce-06224230cf668288c" [90m-> null[0m[0m
      [31m-[0m[0m cidr_blocks                = [] [90m-> null[0m[0m
      [31m-[0m[0m dns_entry                  = [
          [31m-[0m[0m {
              [31m-[0m[0m dns_name       = "vpce-06224230cf668288c-ahqdfsf2.ssm.us-east-1.vpce.amazonaws.com"
              [31m-[0m[0m hosted_zone_id = "Z7HUB22UULQXV"
            },
          [31m-[0m[0m {
              [31m-[0m[0m dns_name       = "vpce-06224230cf668288c-ahqdfsf2-us-east-1a.ssm.us-east-1.vpce.amazonaws.com"
              [31m-[0m[0m hosted_zone_id = "Z7HUB22UULQXV"
            },
          [31m-[0m[0m {
              [31m-[0m[0m dns_name       = "ssm.us-east-1.amazonaws.com"
              [31m-[0m[0m hosted_zone_id = "Z07376022GSDMYHQWISCE"
            },
          [31m-[0m[0m {
              [31m-[0m[0m dns_name       = "ssm.us-east-1.api.aws"
              [31m-[0m[0m hosted_zone_id = "Z073762917FWCUZL48A35"
            },
        ] [90m-> null[0m[0m
      [31m-[0m[0m id                         = "vpce-06224230cf668288c" [90m-> null[0m[0m
      [31m-[0m[0m ip_address_type            = "ipv4" [90m-> null[0m[0m
      [31m-[0m[0m network_interface_ids      = [
          [31m-[0m[0m "eni-002c03cae7cc23448",
        ] [90m-> null[0m[0m
      [31m-[0m[0m owner_id                   = "135274608372" [90m-> null[0m[0m
      [31m-[0m[0m policy                     = jsonencode(
            {
              [31m-[0m[0m Statement = [
                  [31m-[0m[0m {
                      [31m-[0m[0m Action    = "*"
                      [31m-[0m[0m Effect    = "Allow"
                      [31m-[0m[0m Principal = "*"
                      [31m-[0m[0m Resource  = "*"
                    },
                ]
            }
        ) [90m-> null[0m[0m
      [31m-[0m[0m private_dns_enabled        = true [90m-> null[0m[0m
      [31m-[0m[0m requester_managed          = false [90m-> null[0m[0m
      [31m-[0m[0m route_table_ids            = [] [90m-> null[0m[0m
      [31m-[0m[0m security_group_ids         = [
          [31m-[0m[0m "sg-02521a4f73582959e",
        ] [90m-> null[0m[0m
      [31m-[0m[0m service_name               = "com.amazonaws.us-east-1.ssm" [90m-> null[0m[0m
      [31m-[0m[0m service_region             = "us-east-1" [90m-> null[0m[0m
      [31m-[0m[0m state                      = "available" [90m-> null[0m[0m
      [31m-[0m[0m subnet_ids                 = [
          [31m-[0m[0m "subnet-06bb231120436c506",
        ] [90m-> null[0m[0m
      [31m-[0m[0m tags                       = {
          [31m-[0m[0m "Name" = "tkt-dev-ssm-endpoint"
        } [90m-> null[0m[0m
      [31m-[0m[0m tags_all                   = {
          [31m-[0m[0m "CostCenter"  = "ticketdesk-poc"
          [31m-[0m[0m "Environment" = "dev"
          [31m-[0m[0m "Name"        = "tkt-dev-ssm-endpoint"
          [31m-[0m[0m "Owner"       = "bhumeera"
          [31m-[0m[0m "Project"     = "TicketDesk"
        } [90m-> null[0m[0m
      [31m-[0m[0m vpc_endpoint_type          = "Interface" [90m-> null[0m[0m
      [31m-[0m[0m vpc_id                     = "vpc-01b99f46108d6395a" [90m-> null[0m[0m
        [90m# (2 unchanged attributes hidden)[0m[0m

      [31m-[0m[0m dns_options {
          [31m-[0m[0m dns_record_ip_type                             = "ipv4" [90m-> null[0m[0m
          [31m-[0m[0m private_dns_only_for_inbound_resolver_endpoint = false [90m-> null[0m[0m
        }

      [31m-[0m[0m subnet_configuration {
          [31m-[0m[0m ipv4      = "10.20.10.188" [90m-> null[0m[0m
          [31m-[0m[0m subnet_id = "subnet-06bb231120436c506" [90m-> null[0m[0m
            [90m# (1 unchanged attribute hidden)[0m[0m
        }
    }

[1m  # aws_vpc_endpoint.s3[0m will be [1m[31mdestroyed[0m
[0m  [31m-[0m[0m resource "aws_vpc_endpoint" "s3" {
      [31m-[0m[0m arn                        = "arn:aws:ec2:us-east-1:135274608372:vpc-endpoint/vpce-0dd1a91497d5c5259" [90m-> null[0m[0m
      [31m-[0m[0m cidr_blocks                = [
          [31m-[0m[0m "16.15.176.0/20",
          [31m-[0m[0m "16.182.0.0/16",
          [31m-[0m[0m "18.34.0.0/19",
          [31m-[0m[0m "52.216.0.0/15",
          [31m-[0m[0m "54.231.0.0/16",
          [31m-[0m[0m "3.5.0.0/19",
          [31m-[0m[0m "18.34.232.0/21",
          [31m-[0m[0m "16.15.192.0/18",
        ] [90m-> null[0m[0m
      [31m-[0m[0m dns_entry                  = [] [90m-> null[0m[0m
      [31m-[0m[0m id                         = "vpce-0dd1a91497d5c5259" [90m-> null[0m[0m
      [31m-[0m[0m ip_address_type            = "ipv4" [90m-> null[0m[0m
      [31m-[0m[0m network_interface_ids      = [] [90m-> null[0m[0m
      [31m-[0m[0m owner_id                   = "135274608372" [90m-> null[0m[0m
      [31m-[0m[0m policy                     = jsonencode(
            {
              [31m-[0m[0m Statement = [
                  [31m-[0m[0m {
                      [31m-[0m[0m Action    = "*"
                      [31m-[0m[0m Effect    = "Allow"
                      [31m-[0m[0m Principal = "*"
                      [31m-[0m[0m Resource  = "*"
                    },
                ]
              [31m-[0m[0m Version   = "2008-10-17"
            }
        ) [90m-> null[0m[0m
      [31m-[0m[0m prefix_list_id             = "pl-63a5400a" [90m-> null[0m[0m
      [31m-[0m[0m private_dns_enabled        = false [90m-> null[0m[0m
      [31m-[0m[0m requester_managed          = false [90m-> null[0m[0m
      [31m-[0m[0m route_table_ids            = [
          [31m-[0m[0m "rtb-07b189360d858159a",
        ] [90m-> null[0m[0m
      [31m-[0m[0m security_group_ids         = [] [90m-> null[0m[0m
      [31m-[0m[0m service_name               = "com.amazonaws.us-east-1.s3" [90m-> null[0m[0m
      [31m-[0m[0m service_region             = "us-east-1" [90m-> null[0m[0m
      [31m-[0m[0m state                      = "available" [90m-> null[0m[0m
      [31m-[0m[0m subnet_ids                 = [] [90m-> null[0m[0m
      [31m-[0m[0m tags                       = {
          [31m-[0m[0m "Name" = "tkt-dev-s3-endpoint"
        } [90m-> null[0m[0m
      [31m-[0m[0m tags_all                   = {
          [31m-[0m[0m "CostCenter"  = "ticketdesk-poc"
          [31m-[0m[0m "Environment" = "dev"
          [31m-[0m[0m "Name"        = "tkt-dev-s3-endpoint"
          [31m-[0m[0m "Owner"       = "bhumeera"
          [31m-[0m[0m "Project"     = "TicketDesk"
        } [90m-> null[0m[0m
      [31m-[0m[0m vpc_endpoint_type          = "Gateway" [90m-> null[0m[0m
      [31m-[0m[0m vpc_id                     = "vpc-01b99f46108d6395a" [90m-> null[0m[0m
        [90m# (2 unchanged attributes hidden)[0m[0m

      [31m-[0m[0m dns_options {
          [31m-[0m[0m dns_record_ip_type                             = "service-defined" [90m-> null[0m[0m
          [31m-[0m[0m private_dns_only_for_inbound_resolver_endpoint = false [90m-> null[0m[0m
        }
    }

[1m  # random_password.db[0m will be [1m[31mdestroyed[0m
[0m  [31m-[0m[0m resource "random_password" "db" {
      [31m-[0m[0m bcrypt_hash = (sensitive value) [90m-> null[0m[0m
      [31m-[0m[0m id          = "none" [90m-> null[0m[0m
      [31m-[0m[0m length      = 24 [90m-> null[0m[0m
      [31m-[0m[0m lower       = true [90m-> null[0m[0m
      [31m-[0m[0m min_lower   = 0 [90m-> null[0m[0m
      [31m-[0m[0m min_numeric = 0 [90m-> null[0m[0m
      [31m-[0m[0m min_special = 0 [90m-> null[0m[0m
      [31m-[0m[0m min_upper   = 0 [90m-> null[0m[0m
      [31m-[0m[0m number      = true [90m-> null[0m[0m
      [31m-[0m[0m numeric     = true [90m-> null[0m[0m
      [31m-[0m[0m result      = (sensitive value) [90m-> null[0m[0m
      [31m-[0m[0m special     = false [90m-> null[0m[0m
      [31m-[0m[0m upper       = true [90m-> null[0m[0m
    }

[1mPlan:[0m [0m0 to add, 0 to change, 42 to destroy.

Changes to Outputs:
  [31m-[0m[0m alb_dns_name                   = "http://tkt-dev-alb-1628561447.us-east-1.elb.amazonaws.com" [90m-> null[0m[0m
  [31m-[0m[0m attachments_bucket             = "tkt-dev-attachments" [90m-> null[0m[0m
  [31m-[0m[0m aws_region                     = "us-east-1" [90m-> null[0m[0m
  [31m-[0m[0m cloudwatch_dashboard_url       = "https://us-east-1.console.aws.amazon.com/cloudwatch/home?region=us-east-1#dashboards:name=tkt-dev-ticketdesk" [90m-> null[0m[0m
  [31m-[0m[0m cloudwatch_log_group           = "/ecs/tkt-dev-ticketdesk" [90m-> null[0m[0m
  [31m-[0m[0m db_endpoint                    = (sensitive value) [90m-> null[0m[0m
  [31m-[0m[0m ecs_cluster_name               = "tkt-dev-cluster" [90m-> null[0m[0m
  [31m-[0m[0m ecs_service_name               = "tkt-dev-ticketdesk-svc" [90m-> null[0m[0m
  [31m-[0m[0m environment                    = "dev" [90m-> null[0m[0m
  [31m-[0m[0m frontend_bucket                = "tkt-dev-frontend" [90m-> null[0m[0m
  [31m-[0m[0m frontend_url                   = "http://tkt-dev-frontend.s3-website-us-east-1.amazonaws.com" [90m-> null[0m[0m
  [31m-[0m[0m lambda_thumbnail_function_name = "tkt-dev-thumbnail" [90m-> null[0m[0m
  [31m-[0m[0m target_group_arn               = "arn:aws:elasticloadbalancing:us-east-1:135274608372:targetgroup/tkt-dev-tg/018636caad7c1944" [90m-> null[0m[0m
  [31m-[0m[0m vpc_id                         = "vpc-01b99f46108d6395a" [90m-> null[0m[0m
[0m[1maws_iam_role_policy_attachment.execution_managed: Destroying... [id=tkt-dev-ecs-execution-role-20260807071143448500000003][0m[0m
[0m[1maws_iam_role_policy.task_attachments: Destroying... [id=tkt-dev-ecs-task-role:tkt-dev-ecs-task-attachments][0m[0m
[0m[1maws_security_group.ecs_task: Destroying... [id=sg-0339c207833110197][0m[0m
[0m[1maws_vpc_endpoint.interface["ssm"]: Destroying... [id=vpce-06224230cf668288c][0m[0m
[0m[1maws_internet_gateway.main: Destroying... [id=igw-08e1f747f64b08fc9][0m[0m
[0m[1maws_iam_role_policy.execution_secrets: Destroying... [id=tkt-dev-ecs-execution-role:tkt-dev-ecs-execution-secrets][0m[0m
[0m[1maws_vpc_endpoint.interface["logs"]: Destroying... [id=vpce-0aab83280717a8f55][0m[0m
[0m[1maws_ecs_cluster.main: Destroying... [id=arn:aws:ecs:us-east-1:135274608372:cluster/tkt-dev-cluster][0m[0m
[0m[1maws_vpc_endpoint.s3: Destroying... [id=vpce-0dd1a91497d5c5259][0m[0m
[0m[1maws_lb_listener.http: Destroying... [id=arn:aws:elasticloadbalancing:us-east-1:135274608372:listener/app/tkt-dev-alb/889207aa07c27979/f27073f67eeed369][0m[0m
[0m[1maws_lb_listener.http: Destruction complete after 2s[0m
[0m[1maws_ecs_task_definition.app: Destroying... [id=tkt-dev-ticketdesk][0m[0m
[0m[1maws_iam_role_policy_attachment.execution_managed: Destruction complete after 2s[0m
[0m[1maws_vpc_endpoint.interface["secretsmanager"]: Destroying... [id=vpce-050f136ad96d7adac][0m[0m
[0m[1maws_iam_role_policy.execution_secrets: Destruction complete after 2s[0m
[0m[1maws_vpc_endpoint.interface["ecr_dkr"]: Destroying... [id=vpce-003f9484bdb2fec5c][0m[0m
[0m[1maws_iam_role_policy.task_attachments: Destruction complete after 2s[0m
[0m[1maws_vpc_endpoint.interface["ecr_api"]: Destroying... [id=vpce-005d4255eb00fe356][0m[0m
[0m[1maws_ecs_task_definition.app: Destruction complete after 0s[0m
[0m[1maws_lb.main: Destroying... [id=arn:aws:elasticloadbalancing:us-east-1:135274608372:loadbalancer/app/tkt-dev-alb/889207aa07c27979][0m[0m
[0m[1maws_security_group.ecs_task: Destruction complete after 3s[0m
[0m[1maws_lb_target_group.app: Destroying... [id=arn:aws:elasticloadbalancing:us-east-1:135274608372:targetgroup/tkt-dev-tg/018636caad7c1944][0m[0m
[0m[1maws_ecs_cluster.main: Destruction complete after 3s[0m
[0m[1maws_iam_role.task: Destroying... [id=tkt-dev-ecs-task-role][0m[0m
[0m[1maws_lb_target_group.app: Destruction complete after 0s[0m
[0m[1maws_ssm_parameter.db_user: Destroying... [id=/tkt-dev/db/username][0m[0m
[0m[1maws_iam_role.task: Destruction complete after 1s[0m
[0m[1maws_cloudwatch_log_group.app: Destroying... [id=/ecs/tkt-dev-ticketdesk][0m[0m
[0m[1maws_ssm_parameter.db_user: Destruction complete after 2s[0m
[0m[1maws_ssm_parameter.attachments_bucket: Destroying... [id=/tkt-dev/app/attachments-bucket][0m[0m
[0m[1maws_ssm_parameter.attachments_bucket: Destruction complete after 0s[0m
[0m[1maws_secretsmanager_secret.db_password: Destroying... [id=arn:aws:secretsmanager:us-east-1:135274608372:secret:tkt-dev/db-password-irJfdB][0m[0m
[0m[1maws_cloudwatch_log_group.app: Destruction complete after 2s[0m
[0m[1maws_ssm_parameter.db_port: Destroying... [id=/tkt-dev/db/port][0m[0m
[0m[1maws_ssm_parameter.db_port: Destruction complete after 0s[0m
[0m[1maws_ssm_parameter.db_host: Destroying... [id=/tkt-dev/db/host][0m[0m
[0m[1maws_secretsmanager_secret.db_password: Destruction complete after 1s[0m
[0m[1maws_iam_role.execution: Destroying... [id=tkt-dev-ecs-execution-role][0m[0m
[0m[1maws_ssm_parameter.db_host: Destruction complete after 1s[0m
[0m[1maws_ssm_parameter.db_name: Destroying... [id=/tkt-dev/db/name][0m[0m
[0m[1maws_ssm_parameter.db_name: Destruction complete after 0s[0m
[0m[1maws_secretsmanager_secret.jwt_secret: Destroying... [id=arn:aws:secretsmanager:us-east-1:135274608372:secret:tkt-dev/jwt-secret-wirpDx][0m[0m
[0m[1maws_vpc_endpoint.s3: Destruction complete after 7s[0m
[0m[1maws_ssm_parameter.cors_origins: Destroying... [id=/tkt-dev/app/cors-origins][0m[0m
[0m[1maws_secretsmanager_secret.jwt_secret: Destruction complete after 1s[0m
[0m[1maws_s3_bucket.attachments: Destroying... [id=tkt-dev-attachments][0m[0m
[0m[1maws_ssm_parameter.cors_origins: Destruction complete after 1s[0m
[0m[1maws_db_instance.main: Destroying... [id=db-CAFCHO64LJK5K5YTHJZPQXHCMU][0m[0m
[0m[1maws_iam_role.execution: Destruction complete after 2s[0m
[0m[1maws_route_table.private: Destroying... [id=rtb-07b189360d858159a][0m[0m
[0m[1maws_route_table.private: Destruction complete after 2s[0m
[0m[1maws_s3_bucket_website_configuration.frontend: Destroying... [id=tkt-dev-frontend][0m[0m
[0m[1maws_vpc_endpoint.interface["ssm"]: Still destroying... [id=vpce-06224230cf668288c, 00m10s elapsed][0m[0m
[0m[1maws_vpc_endpoint.interface["logs"]: Still destroying... [id=vpce-0aab83280717a8f55, 00m10s elapsed][0m[0m
[0m[1maws_internet_gateway.main: Still destroying... [id=igw-08e1f747f64b08fc9, 00m10s elapsed][0m[0m
[0m[1maws_s3_bucket_website_configuration.frontend: Destruction complete after 1s[0m
[0m[1maws_s3_bucket.frontend: Destroying... [id=tkt-dev-frontend][0m[0m
[0m[1maws_s3_bucket.attachments: Destruction complete after 3s[0m
[0m[1maws_vpc_endpoint.interface["secretsmanager"]: Still destroying... [id=vpce-050f136ad96d7adac, 00m10s elapsed][0m[0m
[0m[1maws_vpc_endpoint.interface["ecr_dkr"]: Still destroying... [id=vpce-003f9484bdb2fec5c, 00m10s elapsed][0m[0m
[0m[1maws_vpc_endpoint.interface["ecr_api"]: Still destroying... [id=vpce-005d4255eb00fe356, 00m10s elapsed][0m[0m
[0m[1maws_lb.main: Still destroying... [id=arn:aws:elasticloadbalancing:us-east-1:...ancer/app/tkt-dev-alb/889207aa07c27979, 00m10s elapsed][0m[0m
[0m[1maws_s3_bucket.frontend: Destruction complete after 1s[0m
[0m[1maws_db_instance.main: Still destroying... [id=db-CAFCHO64LJK5K5YTHJZPQXHCMU, 00m10s elapsed][0m[0m
[0m[1maws_internet_gateway.main: Still destroying... [id=igw-08e1f747f64b08fc9, 00m20s elapsed][0m[0m
[0m[1maws_vpc_endpoint.interface["logs"]: Still destroying... [id=vpce-0aab83280717a8f55, 00m20s elapsed][0m[0m
[0m[1maws_vpc_endpoint.interface["ssm"]: Still destroying... [id=vpce-06224230cf668288c, 00m20s elapsed][0m[0m
[0m[1maws_internet_gateway.main: Destruction complete after 21s[0m
[0m[1maws_vpc_endpoint.interface["secretsmanager"]: Still destroying... [id=vpce-050f136ad96d7adac, 00m20s elapsed][0m[0m
[0m[1maws_vpc_endpoint.interface["ecr_dkr"]: Still destroying... [id=vpce-003f9484bdb2fec5c, 00m20s elapsed][0m[0m
[0m[1maws_vpc_endpoint.interface["ecr_api"]: Still destroying... [id=vpce-005d4255eb00fe356, 00m20s elapsed][0m[0m
[0m[1maws_lb.main: Still destroying... [id=arn:aws:elasticloadbalancing:us-east-1:...ancer/app/tkt-dev-alb/889207aa07c27979, 00m20s elapsed][0m[0m
[0m[1maws_lb.main: Destruction complete after 22s[0m
[0m[1maws_security_group.alb: Destroying... [id=sg-0758b082596ff96cd][0m[0m
[0m[1maws_subnet.public[1]: Destroying... [id=subnet-0c36c916321da561c][0m[0m
[0m[1maws_subnet.public[0]: Destroying... [id=subnet-07e5914b5c891d3f0][0m[0m
[0m[1maws_subnet.public[1]: Destruction complete after 1s[0m
[0m[1maws_subnet.public[0]: Destruction complete after 1s[0m
[0m[1maws_security_group.alb: Destruction complete after 1s[0m
[0m[1maws_db_instance.main: Still destroying... [id=db-CAFCHO64LJK5K5YTHJZPQXHCMU, 00m20s elapsed][0m[0m
[0m[1maws_vpc_endpoint.interface["ssm"]: Still destroying... [id=vpce-06224230cf668288c, 00m30s elapsed][0m[0m
[0m[1maws_vpc_endpoint.interface["logs"]: Still destroying... [id=vpce-0aab83280717a8f55, 00m30s elapsed][0m[0m
[0m[1maws_vpc_endpoint.interface["secretsmanager"]: Still destroying... [id=vpce-050f136ad96d7adac, 00m30s elapsed][0m[0m
[0m[1maws_vpc_endpoint.interface["ecr_dkr"]: Still destroying... [id=vpce-003f9484bdb2fec5c, 00m30s elapsed][0m[0m
[0m[1maws_vpc_endpoint.interface["ecr_api"]: Still destroying... [id=vpce-005d4255eb00fe356, 00m30s elapsed][0m[0m
[0m[1maws_db_instance.main: Still destroying... [id=db-CAFCHO64LJK5K5YTHJZPQXHCMU, 00m30s elapsed][0m[0m
[0m[1maws_vpc_endpoint.interface["ssm"]: Still destroying... [id=vpce-06224230cf668288c, 00m40s elapsed][0m[0m
[0m[1maws_vpc_endpoint.interface["logs"]: Still destroying... [id=vpce-0aab83280717a8f55, 00m40s elapsed][0m[0m
[0m[1maws_vpc_endpoint.interface["secretsmanager"]: Still destroying... [id=vpce-050f136ad96d7adac, 00m40s elapsed][0m[0m
[0m[1maws_vpc_endpoint.interface["ecr_dkr"]: Still destroying... [id=vpce-003f9484bdb2fec5c, 00m40s elapsed][0m[0m
[0m[1maws_vpc_endpoint.interface["ecr_api"]: Still destroying... [id=vpce-005d4255eb00fe356, 00m40s elapsed][0m[0m
[0m[1maws_db_instance.main: Still destroying... [id=db-CAFCHO64LJK5K5YTHJZPQXHCMU, 00m40s elapsed][0m[0m
[0m[1maws_vpc_endpoint.interface["logs"]: Still destroying... [id=vpce-0aab83280717a8f55, 00m50s elapsed][0m[0m
[0m[1maws_vpc_endpoint.interface["ssm"]: Still destroying... [id=vpce-06224230cf668288c, 00m50s elapsed][0m[0m
[0m[1maws_vpc_endpoint.interface["secretsmanager"]: Still destroying... [id=vpce-050f136ad96d7adac, 00m50s elapsed][0m[0m
[0m[1maws_vpc_endpoint.interface["ecr_dkr"]: Still destroying... [id=vpce-003f9484bdb2fec5c, 00m50s elapsed][0m[0m
[0m[1maws_vpc_endpoint.interface["ecr_api"]: Still destroying... [id=vpce-005d4255eb00fe356, 00m50s elapsed][0m[0m
[0m[1maws_db_instance.main: Still destroying... [id=db-CAFCHO64LJK5K5YTHJZPQXHCMU, 00m50s elapsed][0m[0m
[0m[1maws_vpc_endpoint.interface["ssm"]: Still destroying... [id=vpce-06224230cf668288c, 01m00s elapsed][0m[0m
[0m[1maws_vpc_endpoint.interface["logs"]: Still destroying... [id=vpce-0aab83280717a8f55, 01m00s elapsed][0m[0m
[0m[1maws_vpc_endpoint.interface["secretsmanager"]: Still destroying... [id=vpce-050f136ad96d7adac, 01m00s elapsed][0m[0m
[0m[1maws_vpc_endpoint.interface["ecr_dkr"]: Still destroying... [id=vpce-003f9484bdb2fec5c, 01m00s elapsed][0m[0m
[0m[1maws_vpc_endpoint.interface["ecr_api"]: Still destroying... [id=vpce-005d4255eb00fe356, 01m00s elapsed][0m[0m
[0m[1maws_db_instance.main: Still destroying... [id=db-CAFCHO64LJK5K5YTHJZPQXHCMU, 01m00s elapsed][0m[0m
[0m[1maws_vpc_endpoint.interface["logs"]: Still destroying... [id=vpce-0aab83280717a8f55, 01m10s elapsed][0m[0m
[0m[1maws_vpc_endpoint.interface["ssm"]: Still destroying... [id=vpce-06224230cf668288c, 01m10s elapsed][0m[0m
[0m[1maws_vpc_endpoint.interface["secretsmanager"]: Still destroying... [id=vpce-050f136ad96d7adac, 01m10s elapsed][0m[0m
[0m[1maws_vpc_endpoint.interface["ecr_dkr"]: Still destroying... [id=vpce-003f9484bdb2fec5c, 01m10s elapsed][0m[0m
[0m[1maws_vpc_endpoint.interface["ecr_api"]: Still destroying... [id=vpce-005d4255eb00fe356, 01m10s elapsed][0m[0m
[0m[1maws_db_instance.main: Still destroying... [id=db-CAFCHO64LJK5K5YTHJZPQXHCMU, 01m10s elapsed][0m[0m
[0m[1maws_vpc_endpoint.interface["logs"]: Still destroying... [id=vpce-0aab83280717a8f55, 01m20s elapsed][0m[0m
[0m[1maws_vpc_endpoint.interface["ssm"]: Still destroying... [id=vpce-06224230cf668288c, 01m20s elapsed][0m[0m
[0m[1maws_vpc_endpoint.interface["secretsmanager"]: Still destroying... [id=vpce-050f136ad96d7adac, 01m20s elapsed][0m[0m
[0m[1maws_vpc_endpoint.interface["ecr_dkr"]: Still destroying... [id=vpce-003f9484bdb2fec5c, 01m20s elapsed][0m[0m
[0m[1maws_vpc_endpoint.interface["ecr_api"]: Still destroying... [id=vpce-005d4255eb00fe356, 01m20s elapsed][0m[0m
[0m[1maws_db_instance.main: Still destroying... [id=db-CAFCHO64LJK5K5YTHJZPQXHCMU, 01m20s elapsed][0m[0m
[0m[1maws_vpc_endpoint.interface["logs"]: Still destroying... [id=vpce-0aab83280717a8f55, 01m30s elapsed][0m[0m
[0m[1maws_vpc_endpoint.interface["ssm"]: Still destroying... [id=vpce-06224230cf668288c, 01m30s elapsed][0m[0m
[0m[1maws_vpc_endpoint.interface["secretsmanager"]: Still destroying... [id=vpce-050f136ad96d7adac, 01m30s elapsed][0m[0m
[0m[1maws_vpc_endpoint.interface["ecr_dkr"]: Still destroying... [id=vpce-003f9484bdb2fec5c, 01m30s elapsed][0m[0m
[0m[1maws_vpc_endpoint.interface["ecr_api"]: Still destroying... [id=vpce-005d4255eb00fe356, 01m30s elapsed][0m[0m
[0m[1maws_db_instance.main: Still destroying... [id=db-CAFCHO64LJK5K5YTHJZPQXHCMU, 01m30s elapsed][0m[0m
[0m[1maws_vpc_endpoint.interface["ssm"]: Still destroying... [id=vpce-06224230cf668288c, 01m40s elapsed][0m[0m
[0m[1maws_vpc_endpoint.interface["logs"]: Still destroying... [id=vpce-0aab83280717a8f55, 01m40s elapsed][0m[0m
[0m[1maws_vpc_endpoint.interface["secretsmanager"]: Still destroying... [id=vpce-050f136ad96d7adac, 01m40s elapsed][0m[0m
[0m[1maws_vpc_endpoint.interface["ecr_dkr"]: Still destroying... [id=vpce-003f9484bdb2fec5c, 01m40s elapsed][0m[0m
[0m[1maws_vpc_endpoint.interface["ecr_api"]: Still destroying... [id=vpce-005d4255eb00fe356, 01m40s elapsed][0m[0m
[0m[1maws_db_instance.main: Still destroying... [id=db-CAFCHO64LJK5K5YTHJZPQXHCMU, 01m40s elapsed][0m[0m
[0m[1maws_vpc_endpoint.interface["ssm"]: Destruction complete after 1m48s[0m
[0m[1maws_vpc_endpoint.interface["logs"]: Still destroying... [id=vpce-0aab83280717a8f55, 01m50s elapsed][0m[0m
[0m[1maws_vpc_endpoint.interface["ecr_api"]: Destruction complete after 1m50s[0m
[0m[1maws_vpc_endpoint.interface["secretsmanager"]: Destruction complete after 1m50s[0m
[0m[1maws_vpc_endpoint.interface["ecr_dkr"]: Still destroying... [id=vpce-003f9484bdb2fec5c, 01m50s elapsed][0m[0m
[0m[1maws_db_instance.main: Still destroying... [id=db-CAFCHO64LJK5K5YTHJZPQXHCMU, 01m50s elapsed][0m[0m
[0m[1maws_vpc_endpoint.interface["logs"]: Destruction complete after 1m59s[0m
[0m[1maws_vpc_endpoint.interface["ecr_dkr"]: Destruction complete after 1m57s[0m
[0m[1maws_security_group.vpc_endpoints: Destroying... [id=sg-02521a4f73582959e][0m[0m
[0m[1maws_security_group.vpc_endpoints: Destruction complete after 2s[0m
[0m[1maws_db_instance.main: Still destroying... [id=db-CAFCHO64LJK5K5YTHJZPQXHCMU, 02m00s elapsed][0m[0m
[0m[1maws_db_instance.main: Still destroying... [id=db-CAFCHO64LJK5K5YTHJZPQXHCMU, 02m10s elapsed][0m[0m
[0m[1maws_db_instance.main: Still destroying... [id=db-CAFCHO64LJK5K5YTHJZPQXHCMU, 02m20s elapsed][0m[0m
[0m[1maws_db_instance.main: Still destroying... [id=db-CAFCHO64LJK5K5YTHJZPQXHCMU, 02m30s elapsed][0m[0m
[0m[1maws_db_instance.main: Still destroying... [id=db-CAFCHO64LJK5K5YTHJZPQXHCMU, 02m40s elapsed][0m[0m
[0m[1maws_db_instance.main: Still destroying... [id=db-CAFCHO64LJK5K5YTHJZPQXHCMU, 02m50s elapsed][0m[0m
[0m[1maws_db_instance.main: Still destroying... [id=db-CAFCHO64LJK5K5YTHJZPQXHCMU, 03m00s elapsed][0m[0m
[0m[1maws_db_instance.main: Still destroying... [id=db-CAFCHO64LJK5K5YTHJZPQXHCMU, 03m10s elapsed][0m[0m
[0m[1maws_db_instance.main: Still destroying... [id=db-CAFCHO64LJK5K5YTHJZPQXHCMU, 03m20s elapsed][0m[0m
[0m[1maws_db_instance.main: Still destroying... [id=db-CAFCHO64LJK5K5YTHJZPQXHCMU, 03m30s elapsed][0m[0m
[0m[1maws_db_instance.main: Still destroying... [id=db-CAFCHO64LJK5K5YTHJZPQXHCMU, 03m40s elapsed][0m[0m
[0m[1maws_db_instance.main: Still destroying... [id=db-CAFCHO64LJK5K5YTHJZPQXHCMU, 03m50s elapsed][0m[0m
[0m[1maws_db_instance.main: Still destroying... [id=db-CAFCHO64LJK5K5YTHJZPQXHCMU, 04m00s elapsed][0m[0m
[0m[1maws_db_instance.main: Still destroying... [id=db-CAFCHO64LJK5K5YTHJZPQXHCMU, 04m10s elapsed][0m[0m
[0m[1maws_db_instance.main: Still destroying... [id=db-CAFCHO64LJK5K5YTHJZPQXHCMU, 04m20s elapsed][0m[0m
[0m[1maws_db_instance.main: Still destroying... [id=db-CAFCHO64LJK5K5YTHJZPQXHCMU, 04m30s elapsed][0m[0m
[0m[1maws_db_instance.main: Still destroying... [id=db-CAFCHO64LJK5K5YTHJZPQXHCMU, 04m40s elapsed][0m[0m
[0m[1maws_db_instance.main: Still destroying... [id=db-CAFCHO64LJK5K5YTHJZPQXHCMU, 04m50s elapsed][0m[0m
[0m[1maws_db_instance.main: Still destroying... [id=db-CAFCHO64LJK5K5YTHJZPQXHCMU, 05m00s elapsed][0m[0m
[0m[1maws_db_instance.main: Still destroying... [id=db-CAFCHO64LJK5K5YTHJZPQXHCMU, 05m10s elapsed][0m[0m
[0m[1maws_db_instance.main: Still destroying... [id=db-CAFCHO64LJK5K5YTHJZPQXHCMU, 05m20s elapsed][0m[0m
[0m[1maws_db_instance.main: Still destroying... [id=db-CAFCHO64LJK5K5YTHJZPQXHCMU, 05m30s elapsed][0m[0m
[0m[1maws_db_instance.main: Still destroying... [id=db-CAFCHO64LJK5K5YTHJZPQXHCMU, 05m40s elapsed][0m[0m
[0m[1maws_db_instance.main: Still destroying... [id=db-CAFCHO64LJK5K5YTHJZPQXHCMU, 05m50s elapsed][0m[0m
[0m[1maws_db_instance.main: Still destroying... [id=db-CAFCHO64LJK5K5YTHJZPQXHCMU, 06m00s elapsed][0m[0m
[0m[1maws_db_instance.main: Still destroying... [id=db-CAFCHO64LJK5K5YTHJZPQXHCMU, 06m10s elapsed][0m[0m
[0m[1maws_db_instance.main: Still destroying... [id=db-CAFCHO64LJK5K5YTHJZPQXHCMU, 06m20s elapsed][0m[0m
[0m[1maws_db_instance.main: Still destroying... [id=db-CAFCHO64LJK5K5YTHJZPQXHCMU, 06m30s elapsed][0m[0m
[0m[1maws_db_instance.main: Still destroying... [id=db-CAFCHO64LJK5K5YTHJZPQXHCMU, 06m40s elapsed][0m[0m
[0m[1maws_db_instance.main: Still destroying... [id=db-CAFCHO64LJK5K5YTHJZPQXHCMU, 06m50s elapsed][0m[0m
[0m[1maws_db_instance.main: Still destroying... [id=db-CAFCHO64LJK5K5YTHJZPQXHCMU, 07m00s elapsed][0m[0m
[0m[1maws_db_instance.main: Still destroying... [id=db-CAFCHO64LJK5K5YTHJZPQXHCMU, 07m10s elapsed][0m[0m
[0m[1maws_db_instance.main: Still destroying... [id=db-CAFCHO64LJK5K5YTHJZPQXHCMU, 07m20s elapsed][0m[0m
[0m[1maws_db_instance.main: Still destroying... [id=db-CAFCHO64LJK5K5YTHJZPQXHCMU, 07m30s elapsed][0m[0m
[0m[1maws_db_instance.main: Still destroying... [id=db-CAFCHO64LJK5K5YTHJZPQXHCMU, 07m40s elapsed][0m[0m
[0m[1maws_db_instance.main: Still destroying... [id=db-CAFCHO64LJK5K5YTHJZPQXHCMU, 07m50s elapsed][0m[0m
[0m[1maws_db_instance.main: Still destroying... [id=db-CAFCHO64LJK5K5YTHJZPQXHCMU, 08m00s elapsed][0m[0m
[0m[1maws_db_instance.main: Still destroying... [id=db-CAFCHO64LJK5K5YTHJZPQXHCMU, 08m10s elapsed][0m[0m
[0m[1maws_db_instance.main: Still destroying... [id=db-CAFCHO64LJK5K5YTHJZPQXHCMU, 08m20s elapsed][0m[0m
[0m[1maws_db_instance.main: Still destroying... [id=db-CAFCHO64LJK5K5YTHJZPQXHCMU, 08m30s elapsed][0m[0m
[0m[1maws_db_instance.main: Still destroying... [id=db-CAFCHO64LJK5K5YTHJZPQXHCMU, 08m40s elapsed][0m[0m
[0m[1maws_db_instance.main: Still destroying... [id=db-CAFCHO64LJK5K5YTHJZPQXHCMU, 08m50s elapsed][0m[0m
[0m[1maws_db_instance.main: Still destroying... [id=db-CAFCHO64LJK5K5YTHJZPQXHCMU, 09m00s elapsed][0m[0m
[0m[1maws_db_instance.main: Destruction complete after 9m0s[0m
[0m[1maws_security_group.rds: Destroying... [id=sg-0a67adc1cfb6c8b6d][0m[0m
[0m[1maws_db_subnet_group.main: Destroying... [id=tkt-dev-db-subnets][0m[0m
[0m[1mrandom_password.db: Destroying... [id=none][0m[0m
[0m[1mrandom_password.db: Destruction complete after 0s[0m
[0m[1maws_db_subnet_group.main: Destruction complete after 2s[0m
[0m[1maws_subnet.private[1]: Destroying... [id=subnet-0ab46fd75446f63ce][0m[0m
[0m[1maws_subnet.private[0]: Destroying... [id=subnet-06bb231120436c506][0m[0m
[0m[1maws_security_group.rds: Destruction complete after 3s[0m
[0m[1maws_subnet.private[1]: Destruction complete after 2s[0m
[0m[1maws_subnet.private[0]: Destruction complete after 2s[0m
[0m[1maws_vpc.main: Destroying... [id=vpc-01b99f46108d6395a][0m[0m
[0m[1maws_vpc.main: Destruction complete after 1s[0m
Releasing state lock. This may take a few moments...
[0m[1m[32m
Destroy complete! Resources: 42 destroyed.[0m
exit code: 0
Finished at 2026-08-14T09:35:38Z
